-- MariaDB dump 10.19  Distrib 10.9.4-MariaDB, for Linux (x86_64)
--
-- Host: localhost    Database: airbender
-- ------------------------------------------------------
-- Server version	10.9.4-MariaDB

/*!40101 SET @OLD_CHARACTER_SET_CLIENT=@@CHARACTER_SET_CLIENT */;
/*!40101 SET @OLD_CHARACTER_SET_RESULTS=@@CHARACTER_SET_RESULTS */;
/*!40101 SET @OLD_COLLATION_CONNECTION=@@COLLATION_CONNECTION */;
/*!40101 SET NAMES utf8mb4 */;
/*!40103 SET @OLD_TIME_ZONE=@@TIME_ZONE */;
/*!40103 SET TIME_ZONE='+00:00' */;
/*!40014 SET @OLD_UNIQUE_CHECKS=@@UNIQUE_CHECKS, UNIQUE_CHECKS=0 */;
/*!40014 SET @OLD_FOREIGN_KEY_CHECKS=@@FOREIGN_KEY_CHECKS, FOREIGN_KEY_CHECKS=0 */;
/*!40101 SET @OLD_SQL_MODE=@@SQL_MODE, SQL_MODE='NO_AUTO_VALUE_ON_ZERO' */;
/*!40111 SET @OLD_SQL_NOTES=@@SQL_NOTES, SQL_NOTES=0 */;

--
-- Table structure for table `airplanes`
--
DROP DATABASE IF EXISTS airbender;
CREATE DATABASE airbender;
USE airbender;

DROP TABLE IF EXISTS `airplanes`;
/*!40101 SET @saved_cs_client     = @@character_set_client */;
/*!40101 SET character_set_client = utf8 */;
CREATE TABLE `airplanes` (
  `id` int(11) NOT NULL AUTO_INCREMENT,
  `luggageCapacity` int(11) NOT NULL,
  `minLinha` int(11) NOT NULL,
  `minCol` char(1) NOT NULL,
  `maxLinha` int(11) NOT NULL,
  `maxCol` char(1) NOT NULL,
  `economicStart` char(1) NOT NULL,
  `economicStop` char(1) NOT NULL,
  `normalStart` char(1) NOT NULL,
  `normalStop` char(1) NOT NULL,
  `luxuryStart` char(1) NOT NULL,
  `luxuryStop` char(1) NOT NULL,
  `status` enum('Active','Not working') DEFAULT NULL,
  PRIMARY KEY (`id`)
) ENGINE=InnoDB AUTO_INCREMENT=33 DEFAULT CHARSET=latin1 COLLATE=latin1_swedish_ci;
/*!40101 SET character_set_client = @saved_cs_client */;

--
-- Dumping data for table `airplanes`
--

LOCK TABLES `airplanes` WRITE;
/*!40000 ALTER TABLE `airplanes` DISABLE KEYS */;
INSERT INTO `airplanes` VALUES
(3,413,1,'A',9,'L','A','B','C','H','I','L','Active'),
(4,173,1,'A',7,'L','A','D','E','H','I','L','Active'),
(5,154,1,'A',9,'K','A','D','E','F','G','K','Active'),
(6,480,1,'A',8,'I','A','B','C','G','H','I','Active'),
(7,247,1,'A',6,'K','A','B','C','G','H','K','Active'),
(8,229,1,'A',6,'K','A','D','E','G','H','K','Active'),
(9,478,1,'A',6,'L','A','C','D','H','I','L','Active'),
(10,431,1,'A',9,'L','A','C','D','F','G','L','Active'),
(11,416,1,'A',7,'L','A','D','E','H','I','L','Active'),
(12,222,1,'A',6,'K','A','B','C','H','I','K','Active'),
(13,317,1,'A',6,'K','A','C','D','H','I','K','Active'),
(14,108,1,'A',7,'K','A','D','E','G','H','K','Active'),
(15,320,1,'A',6,'L','A','D','E','G','H','L','Active'),
(16,278,1,'A',6,'J','A','C','D','G','H','J','Active'),
(17,390,1,'A',7,'L','A','C','D','H','I','L','Active'),
(18,330,1,'A',9,'L','A','C','D','E','F','L','Active'),
(19,188,1,'A',9,'K','A','D','E','G','H','K','Active'),
(20,453,1,'A',7,'K','A','D','E','I','J','K','Active'),
(21,345,1,'A',6,'L','A','C','D','G','H','L','Active'),
(22,302,1,'A',6,'L','A','D','E','H','I','L','Active'),
(23,443,1,'A',7,'K','A','B','C','H','I','K','Active'),
(24,128,1,'A',7,'L','A','D','E','D','E','L','Active'),
(25,268,1,'A',6,'L','A','B','C','G','H','L','Active'),
(26,314,1,'A',7,'L','A','C','D','H','I','L','Active'),
(27,425,1,'A',8,'L','A','B','C','F','G','L','Active'),
(28,424,1,'A',9,'J','A','B','C','F','G','J','Active'),
(29,396,1,'A',8,'K','A','C','D','H','I','K','Active'),
(30,349,1,'A',6,'L','A','B','C','H','I','L','Active'),
(31,350,1,'A',6,'L','A','C','D','H','I','L','Active'),
(32,154,1,'A',8,'F','A','B','C','D','E','F','Active');
/*!40000 ALTER TABLE `airplanes` ENABLE KEYS */;
UNLOCK TABLES;

--
-- Table structure for table `airports`
--

DROP TABLE IF EXISTS `airports`;
/*!40101 SET @saved_cs_client     = @@character_set_client */;
/*!40101 SET character_set_client = utf8 */;
CREATE TABLE `airports` (
  `id` int(11) NOT NULL AUTO_INCREMENT,
  `country` varchar(50) DEFAULT NULL,
  `code` varchar(2) DEFAULT NULL,
  `city` varchar(50) DEFAULT NULL,
  `search` int(11) NOT NULL,
  `status` enum('Operational','Not Operational') NOT NULL,
  PRIMARY KEY (`id`)
) ENGINE=InnoDB AUTO_INCREMENT=31 DEFAULT CHARSET=latin1 COLLATE=latin1_swedish_ci;
/*!40101 SET character_set_client = @saved_cs_client */;

--
-- Dumping data for table `airports`
--

LOCK TABLES `airports` WRITE;
/*!40000 ALTER TABLE `airports` DISABLE KEYS */;
INSERT INTO `airports` VALUES
(5,'Russia','RU','Novyy Karachay',84,'Operational'),
(6,'France','FR','Créteil',25,'Operational'),
(7,'Montenegro','ME','Ulcinj',7,'Not Operational'),
(8,'Albania','AL','Qelëz',95,'Operational'),
(9,'Nigeria','NG','Suya',41,'Not Operational'),
(10,'Brazil','BR','Unaí',75,'Operational'),
(11,'Indonesia','ID','Komi',43,'Operational'),
(12,'United States','US','Tampa',38,'Operational'),
(13,'China','CN','Kuishan',17,'Operational'),
(14,'Indonesia','ID','Malati',39,'Operational'),
(15,'Sweden','SE','Ytterby',36,'Operational'),
(16,'Macedonia','MK','Oslomej',11,'Operational'),
(17,'Indonesia','ID','Tambulatana',71,'Not Operational'),
(18,'Philippines','PH','Concepcion',12,'Operational'),
(19,'Russia','RU','Sukhobezvodnoye',41,'Operational'),
(20,'Slovenia','SI','Mengeš',52,'Operational'),
(21,'Russia','RU','Voznesenskaya',71,'Operational'),
(22,'Philippines','PH','Don Carlos',3,'Not Operational'),
(23,'Portugal','PT','Porto',50,'Operational'),
(24,'Gambia','GM','Bambali',74,'Operational'),
(25,'Russia','RU','Serdobsk',37,'Not Operational'),
(26,'China','CN','Yongning',55,'Operational'),
(27,'Myanmar','MM','Mogok',14,'Not Operational'),
(28,'Colombia','CO','El Tambo',6,'Operational'),
(29,'Cyprus','CY','Kato Pyrgos',91,'Not Operational'),
(30,'Syria','SY','Armanaz',50,'Not Operational');
/*!40000 ALTER TABLE `airports` ENABLE KEYS */;
UNLOCK TABLES;

--
-- Table structure for table `auth_assignment`
--

DROP TABLE IF EXISTS `auth_assignment`;
/*!40101 SET @saved_cs_client     = @@character_set_client */;
/*!40101 SET character_set_client = utf8 */;
CREATE TABLE `auth_assignment` (
  `item_name` varchar(64) NOT NULL,
  `user_id` varchar(64) NOT NULL,
  `created_at` int(11) DEFAULT NULL,
  PRIMARY KEY (`item_name`,`user_id`),
  KEY `idx-auth_assignment-user_id` (`user_id`),
  CONSTRAINT `auth_assignment_ibfk_1` FOREIGN KEY (`item_name`) REFERENCES `auth_item` (`name`) ON DELETE CASCADE ON UPDATE CASCADE
) ENGINE=InnoDB DEFAULT CHARSET=utf8mb3 COLLATE=utf8mb3_unicode_ci;
/*!40101 SET character_set_client = @saved_cs_client */;

--
-- Dumping data for table `auth_assignment`
--

LOCK TABLES `auth_assignment` WRITE;
/*!40000 ALTER TABLE `auth_assignment` DISABLE KEYS */;
INSERT INTO `auth_assignment` VALUES
('admin','100',1673030200),
('admin','103',1673030204),
('admin','105',1673030207),
('admin','106',1673030208),
('admin','108',1673030280),
('admin','113',1673030287),
('admin','115',1673030289),
('admin','126',1673030304),
('admin','131',1673030367),
('admin','68',1673030049),
('admin','69',1673030050),
('admin','84',1673030069),
('admin','89',1673030186),
('admin','95',1673030194),
('admin','96',1673030195),
('admin','99',1673030199),
('client','10',1673029670),
('client','11',1673029671),
('client','12',1673029673),
('client','13',1673029674),
('client','14',1673029675),
('client','15',1673029677),
('client','16',1673029678),
('client','17',1673029679),
('client','18',1673029681),
('client','19',1673029682),
('client','20',1673029683),
('client','21',1673029684),
('client','22',1673029686),
('client','23',1673029687),
('client','24',1673029688),
('client','25',1673029690),
('client','26',1673029691),
('client','27',1673029692),
('client','28',1673029801),
('client','29',1673029802),
('client','30',1673029803),
('client','31',1673029805),
('client','32',1673029806),
('client','33',1673029807),
('client','34',1673029808),
('client','35',1673029810),
('client','36',1673029811),
('client','37',1673029812),
('client','38',1673029813),
('client','39',1673029815),
('client','40',1673029816),
('client','41',1673029817),
('client','42',1673029819),
('client','43',1673029820),
('client','44',1673029821),
('client','45',1673029822),
('client','46',1673029824),
('client','47',1673029825),
('client','48',1673029880),
('client','49',1673029881),
('client','50',1673029883),
('client','51',1673029884),
('client','52',1673029885),
('client','53',1673029886),
('client','54',1673029888),
('client','55',1673029889),
('client','56',1673029890),
('client','57',1673029891),
('client','58',1673029893),
('client','59',1673029894),
('client','60',1673029895),
('client','61',1673029897),
('client','62',1673029898),
('client','63',1673029899),
('client','64',1673029900),
('client','65',1673029902),
('client','66',1673029903),
('client','67',1673029904),
('client','8',1673029667),
('client','9',1673029669),
('supervisor','100',1673030200),
('supervisor','103',1673030204),
('supervisor','104',1673030205),
('supervisor','105',1673030207),
('supervisor','106',1673030208),
('supervisor','107',1673030209),
('supervisor','108',1673030280),
('supervisor','110',1673030283),
('supervisor','112',1673030285),
('supervisor','113',1673030287),
('supervisor','114',1673030288),
('supervisor','115',1673030289),
('supervisor','116',1673030291),
('supervisor','118',1673030293),
('supervisor','119',1673030295),
('supervisor','121',1673030297),
('supervisor','122',1673030298),
('supervisor','123',1673030300),
('supervisor','124',1673030301),
('supervisor','125',1673030302),
('supervisor','126',1673030304),
('supervisor','127',1673030362),
('supervisor','128',1673030364),
('supervisor','131',1673030367),
('supervisor','133',1673030370),
('supervisor','134',1673030371),
('supervisor','136',1673030374),
('supervisor','137',1673030375),
('supervisor','138',1673030376),
('supervisor','139',1673030378),
('supervisor','140',1673030379),
('supervisor','142',1673030382),
('supervisor','143',1673030383),
('supervisor','145',1673030385),
('supervisor','147',1673030388),
('supervisor','68',1673030049),
('supervisor','69',1673030050),
('supervisor','71',1673030053),
('supervisor','72',1673030054),
('supervisor','78',1673030061),
('supervisor','80',1673030064),
('supervisor','81',1673030065),
('supervisor','82',1673030067),
('supervisor','84',1673030069),
('supervisor','85',1673030070),
('supervisor','89',1673030186),
('supervisor','90',1673030187),
('supervisor','94',1673030192),
('supervisor','95',1673030194),
('supervisor','96',1673030195),
('supervisor','97',1673030196),
('supervisor','98',1673030198),
('supervisor','99',1673030199),
('ticketOperator','100',1673030200),
('ticketOperator','101',1673030201),
('ticketOperator','102',1673030203),
('ticketOperator','103',1673030204),
('ticketOperator','104',1673030205),
('ticketOperator','105',1673030207),
('ticketOperator','106',1673030208),
('ticketOperator','107',1673030209),
('ticketOperator','108',1673030280),
('ticketOperator','109',1673030281),
('ticketOperator','110',1673030283),
('ticketOperator','111',1673030284),
('ticketOperator','112',1673030285),
('ticketOperator','113',1673030287),
('ticketOperator','114',1673030288),
('ticketOperator','115',1673030289),
('ticketOperator','116',1673030291),
('ticketOperator','117',1673030292),
('ticketOperator','118',1673030293),
('ticketOperator','119',1673030295),
('ticketOperator','120',1673030296),
('ticketOperator','121',1673030297),
('ticketOperator','122',1673030298),
('ticketOperator','123',1673030300),
('ticketOperator','124',1673030301),
('ticketOperator','125',1673030302),
('ticketOperator','126',1673030304),
('ticketOperator','127',1673030362),
('ticketOperator','128',1673030364),
('ticketOperator','129',1673030365),
('ticketOperator','130',1673030366),
('ticketOperator','131',1673030367),
('ticketOperator','132',1673030369),
('ticketOperator','133',1673030370),
('ticketOperator','134',1673030371),
('ticketOperator','135',1673030373),
('ticketOperator','136',1673030374),
('ticketOperator','137',1673030375),
('ticketOperator','138',1673030376),
('ticketOperator','139',1673030378),
('ticketOperator','140',1673030379),
('ticketOperator','141',1673030380),
('ticketOperator','142',1673030382),
('ticketOperator','143',1673030383),
('ticketOperator','144',1673030384),
('ticketOperator','145',1673030385),
('ticketOperator','146',1673030387),
('ticketOperator','147',1673030388),
('ticketOperator','148',1673030389),
('ticketOperator','68',1673030049),
('ticketOperator','69',1673030050),
('ticketOperator','70',1673030051),
('ticketOperator','71',1673030053),
('ticketOperator','72',1673030054),
('ticketOperator','73',1673030055),
('ticketOperator','74',1673030056),
('ticketOperator','75',1673030058),
('ticketOperator','76',1673030059),
('ticketOperator','77',1673030060),
('ticketOperator','78',1673030061),
('ticketOperator','79',1673030063),
('ticketOperator','80',1673030064),
('ticketOperator','81',1673030065),
('ticketOperator','82',1673030067),
('ticketOperator','83',1673030068),
('ticketOperator','84',1673030069),
('ticketOperator','85',1673030070),
('ticketOperator','86',1673030072),
('ticketOperator','87',1673030073),
('ticketOperator','88',1673030185),
('ticketOperator','89',1673030186),
('ticketOperator','90',1673030187),
('ticketOperator','91',1673030188),
('ticketOperator','92',1673030190),
('ticketOperator','93',1673030191),
('ticketOperator','94',1673030192),
('ticketOperator','95',1673030194),
('ticketOperator','96',1673030195),
('ticketOperator','97',1673030196),
('ticketOperator','98',1673030198),
('ticketOperator','99',1673030199);
/*!40000 ALTER TABLE `auth_assignment` ENABLE KEYS */;
UNLOCK TABLES;

--
-- Table structure for table `auth_item`
--

DROP TABLE IF EXISTS `auth_item`;
/*!40101 SET @saved_cs_client     = @@character_set_client */;
/*!40101 SET character_set_client = utf8 */;
CREATE TABLE `auth_item` (
  `name` varchar(64) NOT NULL,
  `type` smallint(6) NOT NULL,
  `description` text DEFAULT NULL,
  `rule_name` varchar(64) DEFAULT NULL,
  `data` blob DEFAULT NULL,
  `created_at` int(11) DEFAULT NULL,
  `updated_at` int(11) DEFAULT NULL,
  PRIMARY KEY (`name`),
  KEY `rule_name` (`rule_name`),
  KEY `idx-auth_item-type` (`type`),
  CONSTRAINT `auth_item_ibfk_1` FOREIGN KEY (`rule_name`) REFERENCES `auth_rule` (`name`) ON DELETE SET NULL ON UPDATE CASCADE
) ENGINE=InnoDB DEFAULT CHARSET=utf8mb3 COLLATE=utf8mb3_unicode_ci;
/*!40101 SET character_set_client = @saved_cs_client */;

--
-- Dumping data for table `auth_item`
--

LOCK TABLES `auth_item` WRITE;
/*!40000 ALTER TABLE `auth_item` DISABLE KEYS */;
INSERT INTO `auth_item` VALUES
('admin',1,NULL,NULL,NULL,1673124705,1673124705),
('client',1,NULL,NULL,NULL,1673124705,1673124705),
('createAdmin',2,'Create a Admin',NULL,NULL,1673124705,1673124705),
('createAirplane',2,'Create a Airplane',NULL,NULL,1673124705,1673124705),
('createAirport',2,'Create a Airport',NULL,NULL,1673124705,1673124705),
('createBalanceReq',2,'Create a BalanceReq',NULL,NULL,1673124705,1673124705),
('createClient',2,'Create a Client',NULL,NULL,1673124705,1673124705),
('createConfig',2,'Create a Config',NULL,NULL,1673124705,1673124705),
('createEmployee',2,'Create a Employee',NULL,NULL,1673124705,1673124705),
('createFlight',2,'Create a Flight',NULL,NULL,1673124705,1673124705),
('createReceipt',2,'Create a Receipt',NULL,NULL,1673124705,1673124705),
('createRefund',2,'Create a Refund',NULL,NULL,1673124705,1673124705),
('createTariff',2,'Create a Tariff',NULL,NULL,1673124705,1673124705),
('createTicket',2,'Create a Ticket',NULL,NULL,1673124705,1673124705),
('deleteAdmin',2,'Delete a Admin',NULL,NULL,1673124705,1673124705),
('deleteAirplane',2,'Delete a Airplane',NULL,NULL,1673124705,1673124705),
('deleteAirport',2,'Delete a Airport',NULL,NULL,1673124705,1673124705),
('deleteBalanceReq',2,'Delete a BalanceReq',NULL,NULL,1673124705,1673124705),
('deleteClient',2,'Delete a Client',NULL,NULL,1673124705,1673124705),
('deleteConfig',2,'Delete a Config',NULL,NULL,1673124705,1673124705),
('deleteEmployee',2,'Delete a Employee',NULL,NULL,1673124705,1673124705),
('deleteFlight',2,'Delete a Flight',NULL,NULL,1673124705,1673124705),
('deleteReceipt',2,'Delete a Receipt',NULL,NULL,1673124705,1673124705),
('deleteRefund',2,'Delete a Refund',NULL,NULL,1673124705,1673124705),
('deleteTariff',2,'Delete a Tariff',NULL,NULL,1673124705,1673124705),
('deleteTicket',2,'Delete a Ticket',NULL,NULL,1673124705,1673124705),
('listAdmin',2,'List a Admin',NULL,NULL,1673124705,1673124705),
('listAirplane',2,'List a Airplane',NULL,NULL,1673124705,1673124705),
('listAirport',2,'List a Airport',NULL,NULL,1673124705,1673124705),
('listBalanceReq',2,'List a BalanceReq',NULL,NULL,1673124705,1673124705),
('listClient',2,'List a Client',NULL,NULL,1673124705,1673124705),
('listConfig',2,'List a Config',NULL,NULL,1673124705,1673124705),
('listEmployee',2,'List a Employee',NULL,NULL,1673124705,1673124705),
('listFlight',2,'List a Flight',NULL,NULL,1673124705,1673124705),
('listReceipt',2,'List a Receipt',NULL,NULL,1673124705,1673124705),
('listRefund',2,'List a Refund',NULL,NULL,1673124705,1673124705),
('listTariff',2,'List a Tariff',NULL,NULL,1673124705,1673124705),
('listTicket',2,'List a Ticket',NULL,NULL,1673124705,1673124705),
('readAdmin',2,'Read a Admin',NULL,NULL,1673124705,1673124705),
('readAirplane',2,'Read a Airplane',NULL,NULL,1673124705,1673124705),
('readAirport',2,'Read a Airport',NULL,NULL,1673124705,1673124705),
('readBalanceReq',2,'Read a BalanceReq',NULL,NULL,1673124705,1673124705),
('readClient',2,'Read a Client',NULL,NULL,1673124705,1673124705),
('readConfig',2,'Read a Config',NULL,NULL,1673124705,1673124705),
('readEmployee',2,'Read a Employee',NULL,NULL,1673124705,1673124705),
('readFlight',2,'Read a Flight',NULL,NULL,1673124705,1673124705),
('readReceipt',2,'Read a Receipt',NULL,NULL,1673124705,1673124705),
('readRefund',2,'Read a Refund',NULL,NULL,1673124705,1673124705),
('readTariff',2,'Read a Tariff',NULL,NULL,1673124705,1673124705),
('readTicket',2,'Read a Ticket',NULL,NULL,1673124705,1673124705),
('supervisor',1,NULL,NULL,NULL,1673124705,1673124705),
('ticketOperator',1,NULL,NULL,NULL,1673124705,1673124705),
('updateAdmin',2,'Update a Admin',NULL,NULL,1673124705,1673124705),
('updateAirplane',2,'Update a Airplane',NULL,NULL,1673124705,1673124705),
('updateAirport',2,'Update a Airport',NULL,NULL,1673124705,1673124705),
('updateBalanceReq',2,'Update a BalanceReq',NULL,NULL,1673124705,1673124705),
('updateClient',2,'Update a Client',NULL,NULL,1673124705,1673124705),
('updateConfig',2,'Update a Config',NULL,NULL,1673124705,1673124705),
('updateEmployee',2,'Update a Employee',NULL,NULL,1673124705,1673124705),
('updateFlight',2,'Update a Flight',NULL,NULL,1673124705,1673124705),
('updateReceipt',2,'Update a Receipt',NULL,NULL,1673124705,1673124705),
('updateRefund',2,'Update a Refund',NULL,NULL,1673124705,1673124705),
('updateTariff',2,'Update a Tariff',NULL,NULL,1673124705,1673124705),
('updateTicket',2,'Update a Ticket',NULL,NULL,1673124705,1673124705);
/*!40000 ALTER TABLE `auth_item` ENABLE KEYS */;
UNLOCK TABLES;

--
-- Table structure for table `auth_item_child`
--

DROP TABLE IF EXISTS `auth_item_child`;
/*!40101 SET @saved_cs_client     = @@character_set_client */;
/*!40101 SET character_set_client = utf8 */;
CREATE TABLE `auth_item_child` (
  `parent` varchar(64) NOT NULL,
  `child` varchar(64) NOT NULL,
  PRIMARY KEY (`parent`,`child`),
  KEY `child` (`child`),
  CONSTRAINT `auth_item_child_ibfk_1` FOREIGN KEY (`parent`) REFERENCES `auth_item` (`name`) ON DELETE CASCADE ON UPDATE CASCADE,
  CONSTRAINT `auth_item_child_ibfk_2` FOREIGN KEY (`child`) REFERENCES `auth_item` (`name`) ON DELETE CASCADE ON UPDATE CASCADE
) ENGINE=InnoDB DEFAULT CHARSET=utf8mb3 COLLATE=utf8mb3_unicode_ci;
/*!40101 SET character_set_client = @saved_cs_client */;

--
-- Dumping data for table `auth_item_child`
--

LOCK TABLES `auth_item_child` WRITE;
/*!40000 ALTER TABLE `auth_item_child` DISABLE KEYS */;
INSERT INTO `auth_item_child` VALUES
('admin','createAdmin'),
('admin','createAirplane'),
('admin','createAirport'),
('admin','createEmployee'),
('admin','createFlight'),
('admin','deleteAdmin'),
('admin','deleteAirplane'),
('admin','deleteAirport'),
('admin','deleteEmployee'),
('admin','deleteFlight'),
('admin','listAdmin'),
('admin','listEmployee'),
('admin','readAdmin'),
('admin','supervisor'),
('admin','updateAdmin'),
('admin','updateAirplane'),
('admin','updateAirport'),
('admin','updateEmployee'),
('admin','updateFlight'),
('client','createBalanceReq'),
('client','createReceipt'),
('client','createRefund'),
('client','createTicket'),
('client','deleteBalanceReq'),
('client','deleteReceipt'),
('client','deleteRefund'),
('client','deleteTicket'),
('client','listAirport'),
('client','listBalanceReq'),
('client','listConfig'),
('client','listFlight'),
('client','listReceipt'),
('client','listRefund'),
('client','listTicket'),
('client','readAirport'),
('client','readBalanceReq'),
('client','readClient'),
('client','readConfig'),
('client','readFlight'),
('client','readReceipt'),
('client','readRefund'),
('client','readTariff'),
('client','readTicket'),
('client','updateClient'),
('client','updateReceipt'),
('supervisor','createConfig'),
('supervisor','createTariff'),
('supervisor','deleteBalanceReq'),
('supervisor','deleteClient'),
('supervisor','deleteConfig'),
('supervisor','deleteTariff'),
('supervisor','listBalanceReq'),
('supervisor','listReceipt'),
('supervisor','listRefund'),
('supervisor','readBalanceReq'),
('supervisor','readReceipt'),
('supervisor','readRefund'),
('supervisor','ticketOperator'),
('supervisor','updateBalanceReq'),
('supervisor','updateClient'),
('supervisor','updateConfig'),
('supervisor','updateRefund'),
('supervisor','updateTariff'),
('ticketOperator','listAirplane'),
('ticketOperator','listAirport'),
('ticketOperator','listClient'),
('ticketOperator','listConfig'),
('ticketOperator','listFlight'),
('ticketOperator','listTariff'),
('ticketOperator','listTicket'),
('ticketOperator','readAirplane'),
('ticketOperator','readAirport'),
('ticketOperator','readClient'),
('ticketOperator','readConfig'),
('ticketOperator','readEmployee'),
('ticketOperator','readFlight'),
('ticketOperator','readTariff'),
('ticketOperator','readTicket'),
('ticketOperator','updateTicket');
/*!40000 ALTER TABLE `auth_item_child` ENABLE KEYS */;
UNLOCK TABLES;

--
-- Table structure for table `auth_rule`
--

DROP TABLE IF EXISTS `auth_rule`;
/*!40101 SET @saved_cs_client     = @@character_set_client */;
/*!40101 SET character_set_client = utf8 */;
CREATE TABLE `auth_rule` (
  `name` varchar(64) NOT NULL,
  `data` blob DEFAULT NULL,
  `created_at` int(11) DEFAULT NULL,
  `updated_at` int(11) DEFAULT NULL,
  PRIMARY KEY (`name`)
) ENGINE=InnoDB DEFAULT CHARSET=utf8mb3 COLLATE=utf8mb3_unicode_ci;
/*!40101 SET character_set_client = @saved_cs_client */;

--
-- Dumping data for table `auth_rule`
--

LOCK TABLES `auth_rule` WRITE;
/*!40000 ALTER TABLE `auth_rule` DISABLE KEYS */;
/*!40000 ALTER TABLE `auth_rule` ENABLE KEYS */;
UNLOCK TABLES;

--
-- Table structure for table `balanceReq`
--

DROP TABLE IF EXISTS `balanceReq`;
/*!40101 SET @saved_cs_client     = @@character_set_client */;
/*!40101 SET character_set_client = utf8 */;
CREATE TABLE `balanceReq` (
  `id` int(11) NOT NULL AUTO_INCREMENT,
  `amount` double(10,2) NOT NULL,
  `status` enum('Accepted','Declined','Ongoing','Canceled') NOT NULL DEFAULT 'Ongoing',
  `requestDate` datetime NOT NULL,
  `decisionDate` datetime DEFAULT NULL,
  `client_id` int(11) NOT NULL,
  PRIMARY KEY (`id`),
  KEY `fk_client_id` (`client_id`),
  CONSTRAINT `fk_client_id` FOREIGN KEY (`client_id`) REFERENCES `clients` (`user_id`)
) ENGINE=InnoDB AUTO_INCREMENT=7 DEFAULT CHARSET=latin1 COLLATE=latin1_swedish_ci;
/*!40101 SET character_set_client = @saved_cs_client */;

--
-- Dumping data for table `balanceReq`
--

LOCK TABLES `balanceReq` WRITE;
/*!40000 ALTER TABLE `balanceReq` DISABLE KEYS */;
INSERT INTO `balanceReq` VALUES
(6,100.00,'Ongoing','2023-01-07 08:35:40',NULL,39);
/*!40000 ALTER TABLE `balanceReq` ENABLE KEYS */;
UNLOCK TABLES;

--
-- Table structure for table `balanceReq_employee`
--

DROP TABLE IF EXISTS `balanceReq_employee`;
/*!40101 SET @saved_cs_client     = @@character_set_client */;
/*!40101 SET character_set_client = utf8 */;
CREATE TABLE `balanceReq_employee` (
  `balanceReq_id` int(11) NOT NULL,
  `employee_id` int(11) NOT NULL,
  PRIMARY KEY (`balanceReq_id`),
  KEY `fk_employeeBalanceReq_id` (`employee_id`),
  CONSTRAINT `fk_balanceReq_id` FOREIGN KEY (`balanceReq_id`) REFERENCES `balanceReq` (`id`),
  CONSTRAINT `fk_employeeBalanceReq_id` FOREIGN KEY (`employee_id`) REFERENCES `user` (`id`)
) ENGINE=InnoDB DEFAULT CHARSET=latin1 COLLATE=latin1_swedish_ci;
/*!40101 SET character_set_client = @saved_cs_client */;

--
-- Dumping data for table `balanceReq_employee`
--

LOCK TABLES `balanceReq_employee` WRITE;
/*!40000 ALTER TABLE `balanceReq_employee` DISABLE KEYS */;
/*!40000 ALTER TABLE `balanceReq_employee` ENABLE KEYS */;
UNLOCK TABLES;

--
-- Table structure for table `clients`
--

DROP TABLE IF EXISTS `clients`;
/*!40101 SET @saved_cs_client     = @@character_set_client */;
/*!40101 SET character_set_client = utf8 */;
CREATE TABLE `clients` (
  `user_id` int(11) NOT NULL,
  `balance` double(10,2) NOT NULL,
  `application` tinyint(1) NOT NULL,
  PRIMARY KEY (`user_id`),
  CONSTRAINT `fk_usersClients_id` FOREIGN KEY (`user_id`) REFERENCES `user` (`id`)
) ENGINE=InnoDB DEFAULT CHARSET=latin1 COLLATE=latin1_swedish_ci;
/*!40101 SET character_set_client = @saved_cs_client */;

--
-- Dumping data for table `clients`
--

LOCK TABLES `clients` WRITE;
/*!40000 ALTER TABLE `clients` DISABLE KEYS */;
INSERT INTO `clients` VALUES
(8,990.00,1),
(9,42.00,1),
(10,970.00,0),
(11,481.00,1),
(12,415.00,1),
(13,826.00,0),
(14,943.00,0),
(15,366.00,1),
(16,317.00,0),
(17,781.00,1),
(18,88.00,1),
(19,594.00,0),
(20,431.00,1),
(21,2.00,0),
(22,459.00,0),
(23,58.00,0),
(24,598.00,0),
(25,472.00,1),
(26,944.00,1),
(27,31.00,1),
(28,333.00,1),
(29,911.00,1),
(30,877.00,0),
(31,435.00,1),
(32,903.00,1),
(33,935.00,0),
(34,569.00,0),
(35,471.00,0),
(36,319.00,1),
(37,291.00,0),
(38,571.00,1),
(39,442.73,0),
(40,303.00,1),
(41,76.00,1),
(42,10.00,0),
(43,274.00,0),
(44,219.00,0),
(45,493.00,1),
(46,958.00,1),
(47,203.00,1),
(48,961.00,1),
(49,499.00,0),
(50,713.00,0),
(51,565.00,1),
(52,736.00,0),
(53,736.00,1),
(54,362.00,0),
(55,297.00,1),
(56,631.00,1),
(57,935.00,1),
(58,201.00,0),
(59,937.00,1),
(60,15.00,0),
(61,966.00,0),
(62,635.00,1),
(63,92.00,0),
(64,828.00,0),
(65,815.00,0),
(66,794.00,0),
(67,102.00,0);
/*!40000 ALTER TABLE `clients` ENABLE KEYS */;
UNLOCK TABLES;

--
-- Table structure for table `configs`
--

DROP TABLE IF EXISTS `configs`;
/*!40101 SET @saved_cs_client     = @@character_set_client */;
/*!40101 SET character_set_client = utf8 */;
CREATE TABLE `configs` (
  `id` int(11) NOT NULL AUTO_INCREMENT,
  `description` text NOT NULL,
  `weight` int(11) NOT NULL,
  `price` double(10,2) NOT NULL,
  `active` tinyint(1) NOT NULL,
  PRIMARY KEY (`id`)
) ENGINE=InnoDB AUTO_INCREMENT=3 DEFAULT CHARSET=latin1 COLLATE=latin1_swedish_ci;
/*!40101 SET character_set_client = @saved_cs_client */;

--
-- Dumping data for table `configs`
--

LOCK TABLES `configs` WRITE;
/*!40000 ALTER TABLE `configs` DISABLE KEYS */;
INSERT INTO `configs` VALUES
(1,'20KG travel bag.',20,39.99,1),
(2,'10KG travel bag.',10,24.99,1);
/*!40000 ALTER TABLE `configs` ENABLE KEYS */;
UNLOCK TABLES;

--
-- Table structure for table `employees`
--

DROP TABLE IF EXISTS `employees`;
/*!40101 SET @saved_cs_client     = @@character_set_client */;
/*!40101 SET character_set_client = utf8 */;
CREATE TABLE `employees` (
  `user_id` int(11) NOT NULL,
  `salary` double(10,2) NOT NULL,
  `airport_id` int(11) DEFAULT NULL,
  PRIMARY KEY (`user_id`),
  KEY `fk_airport_id` (`airport_id`),
  CONSTRAINT `fk_airport_id` FOREIGN KEY (`airport_id`) REFERENCES `airports` (`id`),
  CONSTRAINT `fk_usersEmployees_id` FOREIGN KEY (`user_id`) REFERENCES `user` (`id`)
) ENGINE=InnoDB DEFAULT CHARSET=latin1 COLLATE=latin1_swedish_ci;
/*!40101 SET character_set_client = @saved_cs_client */;

--
-- Dumping data for table `employees`
--

LOCK TABLES `employees` WRITE;
/*!40000 ALTER TABLE `employees` DISABLE KEYS */;
INSERT INTO `employees` VALUES
(68,2483.00,5),
(69,1787.00,21),
(70,2190.00,8),
(71,2367.00,25),
(72,2168.00,17),
(73,1707.00,9),
(74,2287.00,7),
(75,1319.00,6),
(76,1823.00,15),
(78,1026.00,21),
(79,1341.00,10),
(80,1910.00,21),
(81,2240.00,10),
(82,1842.00,21),
(83,1848.00,24),
(84,1606.00,13),
(85,1743.00,12),
(86,993.00,18),
(87,1615.00,10),
(88,1756.00,14),
(89,2238.00,13),
(90,1144.00,25),
(91,2146.00,14),
(92,987.00,25),
(93,2311.00,23),
(94,2359.00,5),
(95,1964.00,16),
(96,2463.00,22),
(97,2228.00,9),
(98,2468.00,8),
(99,1902.00,19),
(100,2318.00,14),
(101,1841.00,7),
(102,1038.00,17),
(103,1503.00,17),
(104,1737.00,25),
(105,916.00,6),
(106,1331.00,14),
(107,2021.00,12),
(108,1488.00,10),
(109,2313.00,14),
(110,1436.00,24),
(111,1996.00,14),
(112,1746.00,20),
(113,2293.00,12),
(114,1543.00,12),
(115,1380.00,19),
(116,2256.00,23),
(117,1763.00,10),
(118,1355.00,16),
(119,2069.00,5),
(120,1323.00,22),
(121,1653.00,22),
(122,1799.00,17),
(123,1573.00,25),
(124,1904.00,19),
(125,2134.00,9),
(126,1278.00,22),
(127,1378.00,13),
(128,1770.00,21),
(129,2194.00,21),
(130,873.00,14),
(131,1675.00,16),
(132,1256.00,5),
(133,2423.00,23),
(134,1455.00,24),
(135,2046.00,11),
(136,826.00,24),
(137,2386.00,24),
(138,1425.00,23),
(139,836.00,8),
(140,1420.00,25),
(141,1043.00,11),
(142,2242.00,16),
(143,2225.00,21),
(144,1575.00,11),
(145,2251.00,28),
(146,2204.00,15),
(147,2030.00,5),
(148,2135.00,12);
/*!40000 ALTER TABLE `employees` ENABLE KEYS */;
UNLOCK TABLES;

--
-- Table structure for table `flights`
--

DROP TABLE IF EXISTS `flights`;
/*!40101 SET @saved_cs_client     = @@character_set_client */;
/*!40101 SET character_set_client = utf8 */;
CREATE TABLE `flights` (
  `id` int(11) NOT NULL AUTO_INCREMENT,
  `departureDate` datetime NOT NULL,
  `duration` time NOT NULL,
  `airplane_id` int(11) NOT NULL,
  `airportDeparture_id` int(11) NOT NULL,
  `airportArrival_id` int(11) NOT NULL,
  `status` enum('Available','Unavailable','Complete','Canceled') DEFAULT NULL,
  PRIMARY KEY (`id`),
  KEY `fk_airplane_id` (`airplane_id`),
  KEY `fk_airportDeparture_id` (`airportDeparture_id`),
  KEY `fk_airportArrival_id` (`airportArrival_id`),
  CONSTRAINT `fk_airplane_id` FOREIGN KEY (`airplane_id`) REFERENCES `airplanes` (`id`),
  CONSTRAINT `fk_airportArrival_id` FOREIGN KEY (`airportArrival_id`) REFERENCES `airports` (`id`),
  CONSTRAINT `fk_airportDeparture_id` FOREIGN KEY (`airportDeparture_id`) REFERENCES `airports` (`id`)
) ENGINE=InnoDB AUTO_INCREMENT=1301 DEFAULT CHARSET=latin1 COLLATE=latin1_swedish_ci;
/*!40101 SET character_set_client = @saved_cs_client */;

--
-- Dumping data for table `flights`
--

LOCK TABLES `flights` WRITE;
/*!40000 ALTER TABLE `flights` DISABLE KEYS */;
INSERT INTO `flights` VALUES
(1,'2023-01-23 13:20:00','00:50:00',8,25,13,'Available'),
(2,'2023-01-22 03:50:00','08:36:00',7,17,23,'Available'),
(3,'2023-01-28 05:10:00','00:13:00',6,16,25,'Available'),
(4,'2023-01-30 05:50:00','10:57:00',15,12,13,'Available'),
(5,'2023-01-24 18:20:00','11:21:00',15,29,16,'Available'),
(6,'2023-01-28 11:10:00','10:18:00',28,20,30,'Available'),
(7,'2023-01-14 08:10:00','11:20:00',6,7,28,'Available'),
(8,'2023-01-13 15:20:00','12:42:00',23,23,16,'Available'),
(9,'2023-01-26 08:50:00','06:47:00',26,11,5,'Available'),
(10,'2023-01-11 23:20:00','10:51:00',12,8,14,'Available'),
(11,'2023-01-26 03:10:00','06:26:00',21,22,22,'Available'),
(12,'2023-01-08 15:00:00','02:35:00',4,27,13,'Available'),
(13,'2023-01-15 00:20:00','00:45:00',11,17,29,'Available'),
(14,'2023-01-24 23:10:00','10:27:00',19,5,17,'Available'),
(15,'2023-01-11 17:30:00','10:11:00',17,17,20,'Available'),
(16,'2023-01-23 15:30:00','03:16:00',23,20,9,'Available'),
(17,'2023-01-12 03:10:00','09:56:00',11,18,27,'Available'),
(18,'2023-01-27 19:20:00','05:10:00',16,13,16,'Available'),
(19,'2023-01-13 18:20:00','06:53:00',8,15,5,'Available'),
(20,'2023-01-08 22:10:00','11:22:00',16,26,15,'Available'),
(21,'2023-01-10 23:10:00','04:37:00',28,21,20,'Available'),
(22,'2023-01-29 07:10:00','04:56:00',22,25,14,'Available'),
(23,'2023-01-22 16:30:00','06:12:00',12,29,30,'Available'),
(24,'2023-01-26 17:10:00','09:03:00',18,11,7,'Available'),
(25,'2023-01-10 16:50:00','02:15:00',24,18,18,'Available'),
(26,'2023-01-19 08:50:00','11:53:00',14,7,13,'Available'),
(27,'2023-01-09 12:20:00','03:05:00',9,12,28,'Available'),
(28,'2023-01-08 12:40:00','04:16:00',24,7,7,'Available'),
(29,'2023-01-24 15:10:00','07:10:00',30,18,17,'Available'),
(30,'2023-01-21 21:10:00','04:59:00',16,30,7,'Available'),
(31,'2023-01-30 08:00:00','00:05:00',31,11,15,'Available'),
(32,'2023-01-26 17:30:00','03:28:00',6,20,25,'Available'),
(33,'2023-01-13 11:20:00','09:19:00',12,21,11,'Available'),
(34,'2023-01-11 12:40:00','03:56:00',4,26,18,'Available'),
(35,'2023-01-12 09:00:00','05:20:00',10,17,7,'Available'),
(36,'2023-01-07 20:00:00','10:05:00',12,21,29,'Available'),
(37,'2023-01-09 16:50:00','03:31:00',7,27,24,'Available'),
(38,'2023-01-18 05:00:00','10:00:00',25,25,14,'Available'),
(39,'2023-01-25 19:50:00','03:11:00',30,11,8,'Available'),
(40,'2023-01-09 08:40:00','11:09:00',5,20,27,'Available'),
(41,'2023-01-24 14:50:00','10:36:00',3,13,9,'Available'),
(42,'2023-01-29 15:50:00','12:21:00',25,12,22,'Available'),
(43,'2023-01-13 20:30:00','06:00:00',27,17,20,'Available'),
(44,'2023-01-15 02:30:00','03:28:00',28,10,9,'Available'),
(45,'2023-01-13 01:20:00','04:14:00',31,24,18,'Available'),
(46,'2023-01-08 22:40:00','08:02:00',3,25,20,'Available'),
(47,'2023-01-16 17:10:00','09:30:00',23,5,28,'Available'),
(48,'2023-01-26 04:50:00','03:29:00',30,6,16,'Available'),
(49,'2023-01-23 03:10:00','04:06:00',5,22,17,'Available'),
(50,'2023-01-07 22:20:00','02:31:00',8,13,7,'Available'),
(51,'2023-01-17 01:50:00','09:36:00',19,28,17,'Available'),
(52,'2023-01-23 20:30:00','10:24:00',32,17,29,'Available'),
(53,'2023-01-19 05:50:00','07:04:00',3,8,18,'Available'),
(54,'2023-01-11 09:50:00','07:36:00',12,20,9,'Available'),
(55,'2023-01-30 14:30:00','08:13:00',15,29,9,'Available'),
(56,'2023-01-11 11:10:00','01:34:00',21,13,19,'Available'),
(57,'2023-01-22 00:20:00','08:49:00',16,29,15,'Available'),
(58,'2023-01-10 16:20:00','04:17:00',31,17,9,'Available'),
(59,'2023-01-17 09:20:00','06:01:00',7,27,28,'Available'),
(60,'2023-01-18 08:40:00','02:54:00',27,24,12,'Available'),
(61,'2023-01-20 09:50:00','05:57:00',27,16,12,'Available'),
(62,'2023-01-15 18:10:00','11:04:00',6,14,6,'Available'),
(63,'2023-01-10 04:10:00','07:34:00',30,30,29,'Available'),
(64,'2023-01-11 20:00:00','01:04:00',11,12,18,'Available'),
(65,'2023-01-14 18:40:00','10:11:00',9,27,26,'Available'),
(66,'2023-01-23 16:30:00','05:35:00',17,6,24,'Available'),
(67,'2023-01-28 06:50:00','02:53:00',22,16,21,'Available'),
(68,'2023-01-20 14:00:00','01:03:00',17,23,26,'Available'),
(69,'2023-01-28 03:20:00','00:13:00',9,14,5,'Available'),
(70,'2023-01-29 15:00:00','10:43:00',4,26,21,'Available'),
(71,'2023-01-12 08:30:00','10:45:00',20,25,11,'Available'),
(72,'2023-01-19 00:40:00','06:29:00',20,24,22,'Available'),
(73,'2023-01-17 04:50:00','04:12:00',24,26,19,'Available'),
(74,'2023-01-30 19:40:00','06:28:00',9,6,22,'Available'),
(75,'2023-01-08 06:30:00','10:43:00',26,29,26,'Available'),
(76,'2023-01-23 22:50:00','09:04:00',22,18,16,'Available'),
(77,'2023-01-12 17:00:00','04:51:00',22,26,17,'Available'),
(78,'2023-01-15 16:30:00','02:32:00',10,17,29,'Available'),
(79,'2023-01-16 03:40:00','11:14:00',14,26,17,'Available'),
(80,'2023-01-13 02:10:00','08:49:00',30,10,27,'Available'),
(81,'2023-01-17 01:20:00','11:45:00',7,8,24,'Available'),
(82,'2023-01-07 06:30:00','08:09:00',21,7,26,'Available'),
(83,'2023-01-26 16:40:00','12:41:00',26,21,23,'Available'),
(84,'2023-01-13 22:30:00','05:34:00',13,24,5,'Available'),
(85,'2023-01-24 18:20:00','00:53:00',20,11,16,'Available'),
(86,'2023-01-15 09:50:00','06:26:00',9,28,16,'Available'),
(87,'2023-01-21 14:40:00','01:34:00',13,17,23,'Available'),
(88,'2023-01-11 17:20:00','02:25:00',27,6,15,'Available'),
(89,'2023-01-14 23:50:00','07:20:00',32,23,17,'Available'),
(90,'2023-01-09 18:10:00','09:53:00',21,25,12,'Available'),
(91,'2023-01-23 14:00:00','04:11:00',22,7,27,'Available'),
(92,'2023-01-11 15:30:00','07:10:00',9,6,24,'Available'),
(93,'2023-01-09 18:00:00','10:15:00',23,6,14,'Available'),
(94,'2023-01-07 08:40:00','10:50:00',27,24,14,'Available'),
(95,'2023-01-22 11:20:00','07:47:00',25,25,25,'Available'),
(96,'2023-01-25 17:50:00','06:23:00',31,27,28,'Available'),
(97,'2023-01-21 02:40:00','04:52:00',3,6,27,'Available'),
(98,'2023-01-27 23:40:00','11:59:00',24,9,18,'Available'),
(99,'2023-01-17 17:30:00','12:27:00',23,27,14,'Available'),
(100,'2023-01-12 20:50:00','07:50:00',22,22,29,'Available'),
(101,'2023-02-11 10:20:00','02:18:00',24,8,26,'Available'),
(102,'2023-02-05 02:20:00','02:42:00',13,8,12,'Available'),
(103,'2023-02-27 19:40:00','06:22:00',4,24,18,'Available'),
(104,'2023-02-05 06:40:00','01:14:00',18,25,27,'Available'),
(105,'2023-02-21 11:40:00','06:23:00',15,30,9,'Available'),
(106,'2023-02-24 17:10:00','11:19:00',13,9,11,'Available'),
(107,'2023-02-09 03:20:00','01:48:00',22,23,19,'Available'),
(108,'2023-02-12 18:10:00','04:27:00',11,6,24,'Available'),
(109,'2023-02-06 22:30:00','02:18:00',15,25,18,'Available'),
(110,'2023-02-11 08:50:00','07:18:00',32,26,13,'Available'),
(111,'2023-02-06 04:10:00','06:31:00',25,22,7,'Available'),
(112,'2023-02-14 09:20:00','10:20:00',31,8,21,'Available'),
(113,'2023-02-13 00:00:00','05:37:00',32,30,13,'Available'),
(114,'2023-02-06 04:20:00','07:56:00',26,15,29,'Available'),
(115,'2023-02-14 01:50:00','03:50:00',31,6,21,'Available'),
(116,'2023-02-21 03:40:00','10:01:00',11,30,7,'Available'),
(117,'2023-02-18 15:30:00','03:37:00',8,10,19,'Available'),
(118,'2023-02-27 09:40:00','00:34:00',6,8,24,'Available'),
(119,'2023-02-27 15:20:00','12:30:00',7,17,20,'Available'),
(120,'2023-02-22 19:10:00','06:10:00',17,29,27,'Available'),
(121,'2023-02-13 23:30:00','08:12:00',17,12,9,'Available'),
(122,'2023-02-04 16:50:00','10:50:00',8,17,21,'Available'),
(123,'2023-02-22 14:50:00','09:06:00',8,8,21,'Available'),
(124,'2023-02-22 22:20:00','07:17:00',15,17,6,'Available'),
(125,'2023-02-11 03:20:00','02:53:00',6,26,21,'Available'),
(126,'2023-02-01 14:20:00','06:06:00',9,10,23,'Available'),
(127,'2023-02-02 02:10:00','00:07:00',8,14,16,'Available'),
(128,'2023-02-26 09:10:00','09:57:00',11,22,18,'Available'),
(129,'2023-02-12 23:00:00','02:24:00',8,29,14,'Available'),
(130,'2023-02-14 11:30:00','05:05:00',31,29,22,'Available'),
(131,'2023-02-13 05:20:00','08:43:00',23,27,14,'Available'),
(132,'2023-02-22 11:20:00','04:04:00',20,24,21,'Available'),
(133,'2023-02-11 20:20:00','08:31:00',6,9,17,'Available'),
(134,'2023-02-06 06:30:00','05:17:00',18,28,19,'Available'),
(135,'2023-02-11 15:20:00','00:51:00',10,18,11,'Available'),
(136,'2023-02-19 19:50:00','04:49:00',7,19,5,'Available'),
(137,'2023-02-12 00:40:00','09:37:00',18,29,25,'Available'),
(138,'2023-02-12 07:20:00','00:21:00',30,22,11,'Available'),
(139,'2023-02-07 11:00:00','03:55:00',23,11,18,'Available'),
(140,'2023-02-09 09:00:00','12:01:00',20,13,20,'Available'),
(141,'2023-02-14 20:20:00','09:59:00',23,13,5,'Available'),
(142,'2023-02-27 16:00:00','02:14:00',17,29,10,'Available'),
(143,'2023-02-02 12:20:00','03:53:00',13,6,21,'Available'),
(144,'2023-02-11 15:20:00','04:23:00',24,12,29,'Available'),
(145,'2023-02-08 10:50:00','10:40:00',12,29,25,'Available'),
(146,'2023-02-04 07:30:00','09:27:00',20,20,19,'Available'),
(147,'2023-02-08 19:10:00','04:45:00',13,7,10,'Available'),
(148,'2023-02-10 23:20:00','04:26:00',19,24,19,'Available'),
(149,'2023-02-18 17:40:00','04:02:00',32,13,5,'Available'),
(150,'2023-02-22 15:30:00','10:36:00',8,22,23,'Available'),
(151,'2023-02-14 16:20:00','00:01:00',7,10,26,'Available'),
(152,'2023-02-23 01:30:00','01:53:00',26,21,30,'Available'),
(153,'2023-02-06 08:10:00','08:22:00',19,20,5,'Available'),
(154,'2023-02-20 17:20:00','02:25:00',18,24,10,'Available'),
(155,'2023-02-04 08:30:00','03:32:00',32,11,15,'Available'),
(156,'2023-02-12 10:20:00','10:59:00',24,8,26,'Available'),
(157,'2023-02-12 22:50:00','10:21:00',28,15,26,'Available'),
(158,'2023-02-07 02:40:00','11:13:00',10,14,14,'Available'),
(159,'2023-02-03 02:40:00','03:06:00',32,26,25,'Available'),
(160,'2023-02-09 18:50:00','03:26:00',17,16,29,'Available'),
(161,'2023-02-17 10:00:00','03:47:00',4,14,22,'Available'),
(162,'2023-02-08 14:00:00','01:37:00',31,6,25,'Available'),
(163,'2023-02-18 03:30:00','01:52:00',4,21,29,'Available'),
(164,'2023-02-25 13:30:00','00:39:00',20,21,25,'Available'),
(165,'2023-02-07 08:50:00','09:11:00',4,10,7,'Available'),
(166,'2023-02-08 09:20:00','05:35:00',6,9,13,'Available'),
(167,'2023-02-08 11:20:00','08:29:00',6,26,16,'Available'),
(168,'2023-02-07 10:00:00','07:38:00',17,13,11,'Available'),
(169,'2023-02-05 23:00:00','01:35:00',21,11,5,'Available'),
(170,'2023-02-03 08:40:00','08:14:00',25,17,20,'Available'),
(171,'2023-02-18 10:10:00','11:54:00',30,8,28,'Available'),
(172,'2023-02-07 04:50:00','07:18:00',4,30,27,'Available'),
(173,'2023-02-12 02:10:00','09:49:00',20,10,22,'Available'),
(174,'2023-02-23 06:00:00','04:28:00',26,29,7,'Available'),
(175,'2023-02-13 03:40:00','07:17:00',23,11,5,'Available'),
(176,'2023-02-11 18:00:00','04:34:00',4,27,10,'Available'),
(177,'2023-02-09 23:40:00','10:53:00',20,10,21,'Available'),
(178,'2023-02-05 23:00:00','09:36:00',4,22,17,'Available'),
(179,'2023-02-18 06:10:00','00:43:00',30,7,20,'Available'),
(180,'2023-02-23 03:00:00','10:41:00',26,12,20,'Available'),
(181,'2023-02-19 16:20:00','05:53:00',10,14,6,'Available'),
(182,'2023-02-05 06:10:00','11:46:00',21,14,27,'Available'),
(183,'2023-02-26 09:00:00','01:36:00',6,14,16,'Available'),
(184,'2023-02-01 12:50:00','09:53:00',20,6,28,'Available'),
(185,'2023-02-20 00:20:00','04:56:00',22,6,22,'Available'),
(186,'2023-02-05 21:20:00','06:31:00',5,25,19,'Available'),
(187,'2023-02-17 07:20:00','01:19:00',20,13,9,'Available'),
(188,'2023-02-14 19:00:00','05:09:00',30,21,22,'Available'),
(189,'2023-02-22 06:00:00','00:49:00',7,20,15,'Available'),
(190,'2023-02-22 03:40:00','06:58:00',8,21,29,'Available'),
(191,'2023-02-12 20:10:00','06:46:00',9,17,11,'Available'),
(192,'2023-02-22 13:20:00','04:07:00',13,8,16,'Available'),
(193,'2023-02-06 09:50:00','03:34:00',31,28,18,'Available'),
(194,'2023-02-08 14:10:00','03:16:00',9,10,9,'Available'),
(195,'2023-02-25 20:30:00','05:46:00',3,24,21,'Available'),
(196,'2023-02-24 11:00:00','03:40:00',3,7,26,'Available'),
(197,'2023-02-11 13:40:00','03:39:00',5,8,8,'Available'),
(198,'2023-02-09 07:40:00','04:29:00',5,16,12,'Available'),
(199,'2023-02-15 01:20:00','07:14:00',6,19,6,'Available'),
(200,'2023-02-23 16:30:00','12:46:00',29,14,24,'Available'),
(201,'2023-03-18 04:30:00','07:19:00',28,12,6,'Available'),
(202,'2023-03-28 03:50:00','05:10:00',17,24,15,'Available'),
(203,'2023-03-17 13:20:00','01:10:00',12,26,20,'Available'),
(204,'2023-03-29 18:20:00','11:04:00',10,8,22,'Available'),
(205,'2023-03-29 22:00:00','01:30:00',7,27,10,'Available'),
(206,'2023-03-08 08:40:00','04:31:00',22,22,22,'Available'),
(207,'2023-03-08 08:30:00','04:27:00',8,21,8,'Available'),
(208,'2023-03-05 23:00:00','07:11:00',30,6,12,'Available'),
(209,'2023-03-15 18:10:00','03:28:00',30,15,5,'Available'),
(210,'2023-03-03 03:00:00','00:22:00',13,13,28,'Available'),
(211,'2023-03-24 10:40:00','11:09:00',10,26,21,'Available'),
(212,'2023-03-20 01:10:00','06:47:00',26,6,17,'Available'),
(213,'2023-03-10 20:00:00','05:55:00',32,6,29,'Available'),
(214,'2023-03-22 09:30:00','05:52:00',25,19,30,'Available'),
(215,'2023-03-06 00:00:00','07:16:00',29,23,9,'Available'),
(216,'2023-03-11 10:30:00','08:49:00',28,9,29,'Available'),
(217,'2023-03-08 22:10:00','02:32:00',19,10,17,'Available'),
(218,'2023-03-11 07:10:00','10:46:00',16,14,29,'Available'),
(219,'2023-03-25 16:40:00','07:47:00',11,21,10,'Available'),
(220,'2023-03-29 04:10:00','08:08:00',21,21,16,'Available'),
(221,'2023-03-11 06:00:00','00:02:00',26,7,27,'Available'),
(222,'2023-03-21 09:00:00','11:33:00',23,20,28,'Available'),
(223,'2023-03-22 09:00:00','02:02:00',13,11,11,'Available'),
(224,'2023-03-02 04:30:00','00:56:00',20,23,5,'Available'),
(225,'2023-03-05 17:00:00','05:26:00',18,28,21,'Available'),
(226,'2023-03-17 02:00:00','07:09:00',29,27,22,'Available'),
(227,'2023-03-27 20:10:00','12:01:00',8,26,13,'Available'),
(228,'2023-03-24 16:20:00','01:26:00',23,26,27,'Available'),
(229,'2023-03-20 11:00:00','05:50:00',28,5,28,'Available'),
(230,'2023-03-23 03:00:00','12:07:00',20,13,27,'Available'),
(231,'2023-03-01 21:30:00','11:48:00',17,5,6,'Available'),
(232,'2023-03-13 11:40:00','06:25:00',30,20,26,'Available'),
(233,'2023-03-17 15:50:00','06:05:00',11,23,17,'Available'),
(234,'2023-03-16 06:50:00','05:16:00',9,7,6,'Available'),
(235,'2023-03-28 09:00:00','12:35:00',28,28,18,'Available'),
(236,'2023-03-28 15:40:00','01:37:00',19,12,8,'Available'),
(237,'2023-03-12 13:50:00','07:33:00',18,28,11,'Available'),
(238,'2023-03-15 00:30:00','05:12:00',9,30,6,'Available'),
(239,'2023-03-16 06:10:00','05:37:00',18,10,23,'Available'),
(240,'2023-03-22 04:50:00','05:43:00',10,21,6,'Available'),
(241,'2023-03-11 11:00:00','04:32:00',26,18,23,'Available'),
(242,'2023-03-23 04:30:00','11:57:00',24,21,22,'Available'),
(243,'2023-03-17 07:00:00','07:40:00',18,12,14,'Available'),
(244,'2023-03-30 09:20:00','09:08:00',13,5,27,'Available'),
(245,'2023-03-05 16:10:00','03:58:00',13,16,25,'Available'),
(246,'2023-03-23 16:10:00','01:55:00',26,5,6,'Available'),
(247,'2023-03-25 02:50:00','10:32:00',21,21,8,'Available'),
(248,'2023-03-01 21:40:00','06:08:00',13,9,20,'Available'),
(249,'2023-03-02 05:50:00','05:56:00',11,5,8,'Available'),
(250,'2023-03-29 12:00:00','11:53:00',8,9,23,'Available'),
(251,'2023-03-20 01:50:00','11:31:00',4,18,10,'Available'),
(252,'2023-03-03 02:10:00','00:33:00',26,23,22,'Available'),
(253,'2023-03-13 17:30:00','04:18:00',13,9,14,'Available'),
(254,'2023-03-14 11:10:00','12:50:00',18,16,19,'Available'),
(255,'2023-03-09 12:10:00','00:52:00',13,30,10,'Available'),
(256,'2023-03-07 00:00:00','00:19:00',28,10,20,'Available'),
(257,'2023-03-08 09:10:00','06:12:00',9,21,28,'Available'),
(258,'2023-03-24 10:20:00','12:08:00',25,8,19,'Available'),
(259,'2023-03-18 12:40:00','07:53:00',20,20,23,'Available'),
(260,'2023-03-10 04:40:00','03:04:00',7,10,12,'Available'),
(261,'2023-03-20 01:50:00','05:47:00',5,6,29,'Available'),
(262,'2023-03-07 11:50:00','08:13:00',13,16,6,'Available'),
(263,'2023-03-04 01:10:00','00:25:00',3,17,17,'Available'),
(264,'2023-03-10 05:40:00','07:23:00',12,11,17,'Available'),
(265,'2023-03-21 07:10:00','12:17:00',27,10,23,'Available'),
(266,'2023-03-28 07:20:00','03:31:00',7,7,18,'Available'),
(267,'2023-03-09 02:20:00','03:23:00',5,27,27,'Available'),
(268,'2023-03-23 03:20:00','00:31:00',27,5,6,'Available'),
(269,'2023-03-15 14:50:00','05:54:00',3,29,12,'Available'),
(270,'2023-03-11 10:40:00','06:11:00',16,12,12,'Available'),
(271,'2023-03-02 05:30:00','05:33:00',13,30,30,'Available'),
(272,'2023-03-12 21:40:00','09:58:00',10,13,11,'Available'),
(273,'2023-03-26 15:00:00','12:08:00',27,8,9,'Available'),
(274,'2023-03-18 09:20:00','06:58:00',28,20,7,'Available'),
(275,'2023-03-14 22:00:00','04:17:00',20,7,29,'Available'),
(276,'2023-03-11 21:20:00','10:16:00',4,23,18,'Available'),
(277,'2023-03-08 22:50:00','06:38:00',8,25,18,'Available'),
(278,'2023-03-22 03:40:00','06:27:00',28,27,12,'Available'),
(279,'2023-03-13 06:40:00','08:29:00',13,26,14,'Available'),
(280,'2023-03-14 06:00:00','11:14:00',14,24,27,'Available'),
(281,'2023-03-13 13:50:00','08:49:00',16,12,18,'Available'),
(282,'2023-03-26 18:00:00','00:28:00',26,15,24,'Available'),
(283,'2023-03-28 07:50:00','02:12:00',26,26,20,'Available'),
(284,'2023-03-24 00:20:00','11:17:00',31,25,11,'Available'),
(285,'2023-03-17 17:10:00','02:45:00',19,6,11,'Available'),
(286,'2023-03-08 17:00:00','00:46:00',23,26,15,'Available'),
(287,'2023-03-18 21:10:00','04:03:00',6,16,28,'Available'),
(288,'2023-03-17 15:40:00','07:03:00',31,28,8,'Available'),
(289,'2023-03-02 00:40:00','02:49:00',11,23,11,'Available'),
(290,'2023-03-11 14:50:00','02:29:00',16,5,30,'Available'),
(291,'2023-03-17 01:30:00','03:35:00',8,20,28,'Available'),
(292,'2023-03-22 17:20:00','02:07:00',23,23,17,'Available'),
(293,'2023-03-29 22:30:00','03:44:00',21,29,29,'Available'),
(294,'2023-03-09 12:20:00','09:08:00',22,17,24,'Available'),
(295,'2023-03-10 23:20:00','02:44:00',8,24,22,'Available'),
(296,'2023-03-13 18:10:00','05:08:00',25,8,27,'Available'),
(297,'2023-03-13 19:50:00','07:55:00',27,26,28,'Available'),
(298,'2023-03-13 19:20:00','02:47:00',23,26,25,'Available'),
(299,'2023-03-23 10:20:00','07:31:00',10,13,17,'Available'),
(300,'2023-03-23 01:00:00','00:59:00',29,10,28,'Available'),
(301,'2023-04-13 04:50:00','12:31:00',12,23,11,'Available'),
(302,'2023-04-10 02:30:00','09:56:00',25,12,21,'Available'),
(303,'2023-04-01 20:10:00','00:23:00',30,24,9,'Available'),
(304,'2023-04-06 03:10:00','06:24:00',14,20,27,'Available'),
(305,'2023-04-09 18:40:00','06:52:00',28,21,29,'Available'),
(306,'2023-04-04 20:30:00','11:23:00',30,23,23,'Available'),
(307,'2023-04-04 08:20:00','08:40:00',21,22,5,'Available'),
(308,'2023-04-16 08:10:00','06:47:00',16,27,9,'Available'),
(309,'2023-04-10 17:00:00','04:26:00',8,22,15,'Available'),
(310,'2023-04-01 19:50:00','08:39:00',24,13,29,'Available'),
(311,'2023-04-29 14:30:00','11:59:00',28,10,25,'Available'),
(312,'2023-04-02 00:30:00','00:14:00',26,26,30,'Available'),
(313,'2023-04-05 07:40:00','05:01:00',19,25,22,'Available'),
(314,'2023-04-27 07:00:00','03:31:00',24,6,23,'Available'),
(315,'2023-04-27 09:30:00','05:58:00',20,6,25,'Available'),
(316,'2023-04-02 19:00:00','00:28:00',31,19,13,'Available'),
(317,'2023-04-06 22:40:00','10:02:00',22,20,26,'Available'),
(318,'2023-04-20 11:00:00','12:10:00',5,17,8,'Available'),
(319,'2023-04-10 12:10:00','06:03:00',23,25,25,'Available'),
(320,'2023-04-01 10:20:00','08:50:00',4,21,28,'Available'),
(321,'2023-04-13 19:20:00','08:24:00',13,22,12,'Available'),
(322,'2023-04-05 05:50:00','06:07:00',8,13,14,'Available'),
(323,'2023-04-29 07:00:00','09:07:00',23,7,25,'Available'),
(324,'2023-04-16 07:50:00','02:02:00',31,8,27,'Available'),
(325,'2023-04-16 15:00:00','12:44:00',29,20,18,'Available'),
(326,'2023-04-09 15:00:00','01:19:00',22,22,27,'Available'),
(327,'2023-04-18 23:40:00','09:07:00',25,24,14,'Available'),
(328,'2023-04-10 18:20:00','04:46:00',3,14,7,'Available'),
(329,'2023-04-07 06:00:00','02:24:00',12,29,17,'Available'),
(330,'2023-04-18 16:20:00','12:18:00',16,28,9,'Available'),
(331,'2023-04-14 15:20:00','01:43:00',3,14,11,'Available'),
(332,'2023-04-06 04:00:00','01:56:00',15,15,28,'Available'),
(333,'2023-04-19 18:30:00','12:58:00',11,6,26,'Available'),
(334,'2023-04-05 11:20:00','09:12:00',24,10,14,'Available'),
(335,'2023-04-02 09:40:00','03:36:00',15,27,8,'Available'),
(336,'2023-04-14 11:10:00','03:02:00',25,6,7,'Available'),
(337,'2023-04-29 03:30:00','08:54:00',17,30,12,'Available'),
(338,'2023-04-26 01:00:00','10:35:00',23,17,16,'Available'),
(339,'2023-04-07 02:00:00','08:51:00',31,27,10,'Available'),
(340,'2023-04-29 06:30:00','06:08:00',17,15,27,'Available'),
(341,'2023-04-22 00:50:00','02:38:00',16,16,9,'Available'),
(342,'2023-04-18 16:30:00','11:14:00',8,29,10,'Available'),
(343,'2023-04-10 00:10:00','01:39:00',23,16,7,'Available'),
(344,'2023-04-18 01:50:00','08:52:00',28,18,22,'Available'),
(345,'2023-04-25 14:30:00','06:48:00',22,13,21,'Available'),
(346,'2023-04-23 18:00:00','11:36:00',15,28,30,'Available'),
(347,'2023-04-08 07:40:00','07:21:00',22,8,12,'Available'),
(348,'2023-04-18 14:00:00','03:14:00',20,5,23,'Available'),
(349,'2023-04-25 20:40:00','03:36:00',4,26,25,'Available'),
(350,'2023-04-17 20:40:00','11:41:00',29,9,27,'Available'),
(351,'2023-04-11 08:20:00','10:38:00',11,18,15,'Available'),
(352,'2023-04-14 02:30:00','02:26:00',29,6,30,'Available'),
(353,'2023-04-26 04:50:00','02:57:00',4,8,30,'Available'),
(354,'2023-04-11 20:50:00','07:50:00',19,14,6,'Available'),
(355,'2023-04-09 08:40:00','05:18:00',19,27,10,'Available'),
(356,'2023-04-09 19:20:00','01:54:00',13,17,22,'Available'),
(357,'2023-04-02 23:20:00','08:08:00',24,26,20,'Available'),
(358,'2023-04-04 19:50:00','06:17:00',6,12,19,'Available'),
(359,'2023-04-18 00:40:00','04:22:00',13,5,25,'Available'),
(360,'2023-04-22 22:30:00','06:10:00',12,14,26,'Available'),
(361,'2023-04-18 16:40:00','04:01:00',31,23,16,'Available'),
(362,'2023-04-04 21:00:00','01:07:00',22,12,6,'Available'),
(363,'2023-04-05 15:30:00','06:34:00',19,26,17,'Available'),
(364,'2023-04-26 18:10:00','08:17:00',32,18,26,'Available'),
(365,'2023-04-11 00:40:00','11:50:00',4,28,30,'Available'),
(366,'2023-04-25 21:10:00','02:19:00',31,12,18,'Available'),
(367,'2023-04-26 14:00:00','05:21:00',14,10,14,'Available'),
(368,'2023-04-07 09:30:00','06:13:00',8,21,12,'Available'),
(369,'2023-04-02 06:10:00','06:53:00',12,15,16,'Available'),
(370,'2023-04-25 21:20:00','03:26:00',32,23,22,'Available'),
(371,'2023-04-06 06:30:00','08:24:00',24,8,9,'Available'),
(372,'2023-04-03 00:10:00','12:53:00',5,16,24,'Available'),
(373,'2023-04-15 22:40:00','12:21:00',4,9,21,'Available'),
(374,'2023-04-25 21:00:00','12:42:00',9,14,28,'Available'),
(375,'2023-04-04 22:30:00','07:45:00',17,8,16,'Available'),
(376,'2023-04-12 19:10:00','08:09:00',25,13,10,'Available'),
(377,'2023-04-04 06:50:00','03:41:00',23,12,14,'Available'),
(378,'2023-04-09 06:20:00','11:14:00',14,12,27,'Available'),
(379,'2023-04-25 05:50:00','04:20:00',5,19,15,'Available'),
(380,'2023-04-07 00:50:00','00:00:00',21,18,17,'Available'),
(381,'2023-04-28 13:30:00','06:19:00',3,19,14,'Available'),
(382,'2023-04-29 14:40:00','01:57:00',9,10,17,'Available'),
(383,'2023-04-17 10:10:00','01:47:00',3,26,23,'Available'),
(384,'2023-04-21 01:20:00','03:53:00',8,22,17,'Available'),
(385,'2023-04-02 10:50:00','12:06:00',14,29,24,'Available'),
(386,'2023-04-22 04:50:00','02:00:00',3,8,6,'Available'),
(387,'2023-04-26 23:50:00','06:56:00',17,22,14,'Available'),
(388,'2023-04-10 09:30:00','12:17:00',25,5,18,'Available'),
(389,'2023-04-18 13:00:00','06:30:00',5,30,12,'Available'),
(390,'2023-04-26 05:20:00','00:43:00',9,12,5,'Available'),
(391,'2023-04-07 17:20:00','01:30:00',32,7,12,'Available'),
(392,'2023-04-09 05:00:00','05:31:00',28,17,5,'Available'),
(393,'2023-04-09 08:00:00','01:27:00',28,30,28,'Available'),
(394,'2023-04-11 18:00:00','03:30:00',5,10,24,'Available'),
(395,'2023-04-24 12:10:00','07:21:00',16,16,5,'Available'),
(396,'2023-04-28 07:00:00','08:10:00',13,27,23,'Available'),
(397,'2023-04-12 11:20:00','11:27:00',16,13,18,'Available'),
(398,'2023-04-27 17:00:00','09:36:00',26,11,8,'Available'),
(399,'2023-04-20 20:20:00','04:41:00',11,23,13,'Available'),
(400,'2023-04-25 00:20:00','10:02:00',32,25,19,'Available'),
(401,'2023-05-01 23:50:00','03:44:00',3,24,22,'Available'),
(402,'2023-05-04 20:00:00','12:19:00',21,19,25,'Available'),
(403,'2023-05-04 00:30:00','12:10:00',20,6,20,'Available'),
(404,'2023-05-28 06:20:00','05:12:00',10,5,16,'Available'),
(405,'2023-05-29 09:20:00','01:25:00',31,26,17,'Available'),
(406,'2023-05-29 22:20:00','09:58:00',7,26,21,'Available'),
(407,'2023-05-07 10:50:00','09:41:00',26,9,28,'Available'),
(408,'2023-05-28 18:30:00','04:35:00',26,10,19,'Available'),
(409,'2023-05-25 12:00:00','03:14:00',6,20,8,'Available'),
(410,'2023-05-08 23:30:00','07:54:00',21,5,20,'Available'),
(411,'2023-05-22 12:50:00','11:34:00',10,21,28,'Available'),
(412,'2023-05-07 05:10:00','09:15:00',18,5,13,'Available'),
(413,'2023-05-22 10:20:00','01:42:00',24,16,12,'Available'),
(414,'2023-05-19 16:50:00','01:03:00',25,13,13,'Available'),
(415,'2023-05-08 10:10:00','01:25:00',4,27,7,'Available'),
(416,'2023-05-17 11:10:00','08:26:00',9,5,10,'Available'),
(417,'2023-05-05 11:50:00','10:29:00',11,27,15,'Available'),
(418,'2023-05-27 06:30:00','03:29:00',26,9,17,'Available'),
(419,'2023-05-08 14:50:00','02:04:00',7,13,23,'Available'),
(420,'2023-05-05 04:10:00','06:19:00',16,26,9,'Available'),
(421,'2023-05-01 19:30:00','02:54:00',4,22,17,'Available'),
(422,'2023-05-04 04:30:00','11:00:00',6,27,28,'Available'),
(423,'2023-05-01 19:30:00','09:08:00',31,17,6,'Available'),
(424,'2023-05-04 18:10:00','08:42:00',32,16,30,'Available'),
(425,'2023-05-10 00:50:00','03:18:00',6,25,17,'Available'),
(426,'2023-05-22 04:30:00','08:01:00',25,6,18,'Available'),
(427,'2023-05-02 15:30:00','11:22:00',30,30,15,'Available'),
(428,'2023-05-27 17:00:00','08:41:00',17,28,29,'Available'),
(429,'2023-05-08 04:10:00','11:18:00',13,9,27,'Available'),
(430,'2023-05-20 10:30:00','09:02:00',11,30,8,'Available'),
(431,'2023-05-11 00:10:00','06:16:00',19,28,17,'Available'),
(432,'2023-05-26 15:30:00','08:34:00',14,23,21,'Available'),
(433,'2023-05-02 01:40:00','00:22:00',20,26,6,'Available'),
(434,'2023-05-19 23:50:00','12:26:00',28,27,8,'Available'),
(435,'2023-05-28 02:10:00','11:39:00',11,11,21,'Available'),
(436,'2023-05-07 03:00:00','06:25:00',8,17,24,'Available'),
(437,'2023-05-24 18:30:00','12:45:00',31,30,8,'Available'),
(438,'2023-05-19 06:00:00','03:45:00',30,10,28,'Available'),
(439,'2023-05-09 23:20:00','07:04:00',11,19,27,'Available'),
(440,'2023-05-22 14:50:00','05:53:00',31,27,28,'Available'),
(441,'2023-05-19 05:20:00','00:56:00',16,29,5,'Available'),
(442,'2023-05-12 22:30:00','11:57:00',8,14,16,'Available'),
(443,'2023-05-15 17:20:00','05:15:00',30,12,20,'Available'),
(444,'2023-05-30 13:20:00','06:20:00',8,27,13,'Available'),
(445,'2023-05-22 09:10:00','12:48:00',12,9,15,'Available'),
(446,'2023-05-27 03:10:00','06:37:00',28,20,20,'Available'),
(447,'2023-05-13 00:50:00','11:46:00',17,25,8,'Available'),
(448,'2023-05-20 08:40:00','05:36:00',20,9,18,'Available'),
(449,'2023-05-25 17:50:00','07:38:00',22,12,18,'Available'),
(450,'2023-05-26 10:20:00','08:50:00',6,19,28,'Available'),
(451,'2023-05-21 05:00:00','05:11:00',19,21,18,'Available'),
(452,'2023-05-23 04:30:00','03:27:00',4,9,17,'Available'),
(453,'2023-05-18 18:50:00','10:28:00',24,23,7,'Available'),
(454,'2023-05-27 01:20:00','01:42:00',24,21,30,'Available'),
(455,'2023-05-16 11:10:00','05:13:00',7,25,18,'Available'),
(456,'2023-05-29 14:00:00','06:38:00',25,9,17,'Available'),
(457,'2023-05-19 00:10:00','10:26:00',17,22,26,'Available'),
(458,'2023-05-05 03:20:00','08:13:00',15,12,30,'Available'),
(459,'2023-05-01 22:50:00','11:50:00',6,11,11,'Available'),
(460,'2023-05-04 13:40:00','07:45:00',5,15,29,'Available'),
(461,'2023-05-04 23:20:00','10:56:00',15,8,9,'Available'),
(462,'2023-05-18 23:30:00','12:42:00',16,5,9,'Available'),
(463,'2023-05-13 07:20:00','00:01:00',5,24,18,'Available'),
(464,'2023-05-12 22:50:00','04:11:00',31,24,24,'Available'),
(465,'2023-05-19 13:30:00','01:50:00',13,7,24,'Available'),
(466,'2023-05-27 17:50:00','02:27:00',30,25,15,'Available'),
(467,'2023-05-25 18:40:00','10:11:00',18,7,29,'Available'),
(468,'2023-05-07 22:10:00','11:05:00',6,16,23,'Available'),
(469,'2023-05-02 02:10:00','11:24:00',12,18,28,'Available'),
(470,'2023-05-24 08:30:00','11:36:00',8,14,6,'Available'),
(471,'2023-05-01 02:40:00','12:29:00',28,11,19,'Available'),
(472,'2023-05-21 23:30:00','02:49:00',28,7,9,'Available'),
(473,'2023-05-18 08:40:00','09:32:00',16,21,28,'Available'),
(474,'2023-05-17 16:00:00','09:08:00',18,6,8,'Available'),
(475,'2023-05-19 12:30:00','07:28:00',30,11,6,'Available'),
(476,'2023-05-24 13:20:00','01:42:00',23,20,11,'Available'),
(477,'2023-05-16 05:40:00','09:47:00',8,19,17,'Available'),
(478,'2023-05-22 08:40:00','12:45:00',20,12,6,'Available'),
(479,'2023-05-11 07:10:00','07:13:00',19,8,22,'Available'),
(480,'2023-05-03 08:30:00','06:02:00',28,9,17,'Available'),
(481,'2023-05-04 20:30:00','11:09:00',6,17,8,'Available'),
(482,'2023-05-05 10:30:00','00:46:00',20,23,28,'Available'),
(483,'2023-05-09 04:10:00','03:58:00',30,5,18,'Available'),
(484,'2023-05-10 09:20:00','07:43:00',19,29,13,'Available'),
(485,'2023-05-12 11:40:00','08:39:00',26,25,26,'Available'),
(486,'2023-05-22 07:50:00','10:27:00',7,7,29,'Available'),
(487,'2023-05-07 15:20:00','04:32:00',8,6,25,'Available'),
(488,'2023-05-07 10:20:00','00:28:00',22,29,7,'Available'),
(489,'2023-05-24 14:30:00','09:14:00',23,10,10,'Available'),
(490,'2023-05-19 17:30:00','10:16:00',31,5,7,'Available'),
(491,'2023-05-08 18:00:00','12:38:00',23,24,25,'Available'),
(492,'2023-05-29 17:20:00','12:02:00',18,22,24,'Available'),
(493,'2023-05-21 18:20:00','06:01:00',17,6,22,'Available'),
(494,'2023-05-09 11:30:00','01:17:00',10,19,5,'Available'),
(495,'2023-05-26 05:10:00','00:24:00',14,27,26,'Available'),
(496,'2023-05-13 12:20:00','03:34:00',24,16,23,'Available'),
(497,'2023-05-20 06:30:00','12:53:00',19,24,17,'Available'),
(498,'2023-05-19 23:10:00','10:37:00',25,7,23,'Available'),
(499,'2023-05-05 19:10:00','06:59:00',5,18,22,'Available'),
(500,'2023-05-20 21:40:00','10:59:00',12,13,12,'Available'),
(501,'2023-06-20 08:00:00','09:13:00',13,7,22,'Available'),
(502,'2023-06-16 22:20:00','04:45:00',21,28,11,'Available'),
(503,'2023-06-21 01:40:00','03:47:00',11,15,15,'Available'),
(504,'2023-06-16 13:30:00','05:45:00',30,9,18,'Available'),
(505,'2023-06-22 09:40:00','12:18:00',5,14,24,'Available'),
(506,'2023-06-15 10:10:00','05:09:00',27,16,28,'Available'),
(507,'2023-06-21 20:30:00','07:38:00',30,24,16,'Available'),
(508,'2023-06-03 03:20:00','06:10:00',29,29,13,'Available'),
(509,'2023-06-16 20:50:00','06:53:00',32,12,25,'Available'),
(510,'2023-06-01 06:50:00','03:22:00',21,22,20,'Available'),
(511,'2023-06-05 09:50:00','02:07:00',22,15,10,'Available'),
(512,'2023-06-12 18:00:00','10:29:00',24,19,6,'Available'),
(513,'2023-06-10 14:40:00','01:49:00',10,28,24,'Available'),
(514,'2023-06-24 00:50:00','05:43:00',4,13,28,'Available'),
(515,'2023-06-22 14:20:00','12:40:00',17,17,24,'Available'),
(516,'2023-06-03 23:10:00','10:23:00',29,28,19,'Available'),
(517,'2023-06-18 09:10:00','03:12:00',19,18,18,'Available'),
(518,'2023-06-18 01:40:00','08:29:00',3,12,19,'Available'),
(519,'2023-06-13 05:20:00','03:55:00',8,10,7,'Available'),
(520,'2023-06-25 22:00:00','04:55:00',4,7,26,'Available'),
(521,'2023-06-19 21:20:00','10:30:00',30,11,29,'Available'),
(522,'2023-06-18 00:20:00','11:37:00',5,26,22,'Available'),
(523,'2023-06-18 12:50:00','06:11:00',9,10,20,'Available'),
(524,'2023-06-03 18:50:00','10:37:00',29,10,10,'Available'),
(525,'2023-06-06 07:00:00','06:22:00',25,7,27,'Available'),
(526,'2023-06-20 18:00:00','11:44:00',27,8,26,'Available'),
(527,'2023-06-27 07:40:00','07:48:00',10,13,24,'Available'),
(528,'2023-06-28 17:10:00','00:23:00',26,9,24,'Available'),
(529,'2023-06-25 12:00:00','00:42:00',8,12,22,'Available'),
(530,'2023-06-17 03:40:00','12:37:00',14,11,22,'Available'),
(531,'2023-06-03 19:00:00','04:44:00',19,13,14,'Available'),
(532,'2023-06-27 18:10:00','11:54:00',26,24,30,'Available'),
(533,'2023-06-07 16:10:00','10:08:00',5,28,24,'Available'),
(534,'2023-06-10 15:50:00','01:47:00',32,13,21,'Available'),
(535,'2023-06-14 02:10:00','08:36:00',17,19,18,'Available'),
(536,'2023-06-28 18:40:00','10:56:00',9,22,11,'Available'),
(537,'2023-06-28 01:50:00','00:28:00',25,30,10,'Available'),
(538,'2023-06-17 07:10:00','00:14:00',10,15,23,'Available'),
(539,'2023-06-10 00:10:00','12:32:00',13,22,9,'Available'),
(540,'2023-06-24 15:00:00','11:40:00',7,26,19,'Available'),
(541,'2023-06-16 15:20:00','10:05:00',8,18,30,'Available'),
(542,'2023-06-01 07:50:00','00:22:00',15,6,21,'Available'),
(543,'2023-06-16 14:20:00','09:03:00',12,25,25,'Available'),
(544,'2023-06-13 23:00:00','10:50:00',23,7,28,'Available'),
(545,'2023-06-04 06:30:00','10:37:00',29,5,14,'Available'),
(546,'2023-06-02 19:30:00','00:39:00',27,6,20,'Available'),
(547,'2023-06-05 06:50:00','10:18:00',14,26,28,'Available'),
(548,'2023-06-17 02:40:00','02:10:00',21,6,23,'Available'),
(549,'2023-06-16 05:30:00','11:17:00',29,15,5,'Available'),
(550,'2023-06-04 14:10:00','00:02:00',24,20,25,'Available'),
(551,'2023-06-28 12:10:00','08:10:00',28,23,17,'Available'),
(552,'2023-06-07 12:40:00','09:13:00',22,16,15,'Available'),
(553,'2023-06-06 08:10:00','08:43:00',31,29,19,'Available'),
(554,'2023-06-15 03:50:00','11:09:00',16,27,24,'Available'),
(555,'2023-06-09 02:50:00','00:24:00',9,17,22,'Available'),
(556,'2023-06-25 15:30:00','03:50:00',32,26,21,'Available'),
(557,'2023-06-03 15:00:00','06:55:00',30,19,30,'Available'),
(558,'2023-06-29 09:50:00','06:47:00',6,12,10,'Available'),
(559,'2023-06-06 03:30:00','00:26:00',24,20,30,'Available'),
(560,'2023-06-08 10:50:00','03:15:00',28,22,18,'Available'),
(561,'2023-06-16 09:30:00','11:53:00',4,14,24,'Available'),
(562,'2023-06-04 04:40:00','00:58:00',5,15,18,'Available'),
(563,'2023-06-17 15:10:00','06:01:00',30,11,11,'Available'),
(564,'2023-06-08 16:20:00','02:45:00',9,24,23,'Available'),
(565,'2023-06-28 17:00:00','11:53:00',26,17,5,'Available'),
(566,'2023-06-01 12:10:00','08:05:00',12,30,13,'Available'),
(567,'2023-06-07 14:00:00','12:19:00',32,18,25,'Available'),
(568,'2023-06-20 17:20:00','07:24:00',4,19,28,'Available'),
(569,'2023-06-17 02:40:00','09:44:00',12,11,6,'Available'),
(570,'2023-06-08 04:00:00','11:53:00',12,12,5,'Available'),
(571,'2023-06-13 00:50:00','03:03:00',18,27,9,'Available'),
(572,'2023-06-04 09:40:00','05:52:00',26,16,12,'Available'),
(573,'2023-06-08 16:20:00','09:03:00',30,19,26,'Available'),
(574,'2023-06-05 15:00:00','02:26:00',7,11,28,'Available'),
(575,'2023-06-19 18:30:00','02:53:00',19,23,5,'Available'),
(576,'2023-06-01 00:20:00','11:38:00',16,10,19,'Available'),
(577,'2023-06-03 10:00:00','04:06:00',4,28,6,'Available'),
(578,'2023-06-28 03:10:00','09:03:00',6,20,11,'Available'),
(579,'2023-06-26 01:30:00','05:36:00',24,26,26,'Available'),
(580,'2023-06-13 16:30:00','10:54:00',17,30,16,'Available'),
(581,'2023-06-20 05:50:00','10:09:00',21,6,13,'Available'),
(582,'2023-06-24 13:30:00','08:42:00',26,20,13,'Available'),
(583,'2023-06-19 21:20:00','06:17:00',4,27,24,'Available'),
(584,'2023-06-02 23:10:00','03:54:00',27,22,19,'Available'),
(585,'2023-06-10 20:10:00','10:57:00',8,10,25,'Available'),
(586,'2023-06-29 16:00:00','07:58:00',9,15,17,'Available'),
(587,'2023-06-12 14:30:00','02:21:00',11,8,28,'Available'),
(588,'2023-06-03 21:20:00','08:32:00',29,18,7,'Available'),
(589,'2023-06-08 15:40:00','04:55:00',14,6,20,'Available'),
(590,'2023-06-02 22:10:00','07:28:00',9,17,11,'Available'),
(591,'2023-06-01 00:40:00','01:27:00',7,9,24,'Available'),
(592,'2023-06-17 18:10:00','00:11:00',14,14,18,'Available'),
(593,'2023-06-16 19:50:00','06:12:00',3,15,11,'Available'),
(594,'2023-06-27 08:20:00','09:41:00',31,13,30,'Available'),
(595,'2023-06-28 09:20:00','06:51:00',18,5,7,'Available'),
(596,'2023-06-12 09:30:00','00:34:00',32,18,22,'Available'),
(597,'2023-06-07 07:50:00','02:26:00',30,5,8,'Available'),
(598,'2023-06-27 11:40:00','07:57:00',5,20,16,'Available'),
(599,'2023-06-22 13:20:00','05:09:00',16,11,19,'Available'),
(600,'2023-06-12 10:50:00','08:04:00',28,15,5,'Available'),
(601,'2023-07-18 16:20:00','09:01:00',31,14,6,'Available'),
(602,'2023-07-09 19:30:00','00:08:00',5,30,8,'Available'),
(603,'2023-07-11 22:00:00','00:48:00',4,15,17,'Available'),
(604,'2023-07-06 18:30:00','10:27:00',4,24,21,'Available'),
(605,'2023-07-28 21:40:00','02:31:00',8,8,29,'Available'),
(606,'2023-07-29 10:10:00','10:45:00',20,28,24,'Available'),
(607,'2023-07-08 22:50:00','09:59:00',21,14,29,'Available'),
(608,'2023-07-04 19:00:00','03:45:00',19,10,20,'Available'),
(609,'2023-07-17 22:00:00','05:29:00',7,5,8,'Available'),
(610,'2023-07-30 05:10:00','11:15:00',30,21,12,'Available'),
(611,'2023-07-29 23:10:00','08:11:00',29,5,20,'Available'),
(612,'2023-07-07 22:20:00','02:00:00',28,24,28,'Available'),
(613,'2023-07-16 23:40:00','05:49:00',11,10,21,'Available'),
(614,'2023-07-24 10:40:00','12:57:00',26,10,7,'Available'),
(615,'2023-07-02 03:00:00','09:39:00',31,8,5,'Available'),
(616,'2023-07-23 18:50:00','05:41:00',19,9,24,'Available'),
(617,'2023-07-08 01:40:00','10:40:00',18,10,7,'Available'),
(618,'2023-07-04 00:40:00','09:18:00',11,7,29,'Available'),
(619,'2023-07-02 19:30:00','06:09:00',6,28,9,'Available'),
(620,'2023-07-24 10:40:00','04:31:00',31,14,7,'Available'),
(621,'2023-07-18 01:20:00','10:02:00',24,16,19,'Available'),
(622,'2023-07-16 02:50:00','02:31:00',17,26,6,'Available'),
(623,'2023-07-19 16:10:00','00:11:00',18,23,6,'Available'),
(624,'2023-07-17 21:10:00','05:51:00',19,19,30,'Available'),
(625,'2023-07-05 09:10:00','09:16:00',12,24,14,'Available'),
(626,'2023-07-24 00:30:00','11:31:00',29,8,8,'Available'),
(627,'2023-07-16 16:50:00','03:05:00',19,18,7,'Available'),
(628,'2023-07-28 05:20:00','09:31:00',18,18,7,'Available'),
(629,'2023-07-14 14:20:00','07:40:00',21,28,19,'Available'),
(630,'2023-07-24 23:20:00','12:47:00',9,13,6,'Available'),
(631,'2023-07-13 05:30:00','06:36:00',22,16,17,'Available'),
(632,'2023-07-17 23:50:00','05:46:00',30,17,14,'Available'),
(633,'2023-07-20 23:40:00','04:41:00',3,28,22,'Available'),
(634,'2023-07-13 01:30:00','00:52:00',28,22,22,'Available'),
(635,'2023-07-01 13:30:00','10:46:00',11,10,29,'Available'),
(636,'2023-07-16 03:30:00','11:43:00',26,21,9,'Available'),
(637,'2023-07-20 07:10:00','07:18:00',22,25,24,'Available'),
(638,'2023-07-22 20:20:00','04:09:00',3,15,17,'Available'),
(639,'2023-07-27 19:50:00','01:27:00',16,17,26,'Available'),
(640,'2023-07-20 16:50:00','02:09:00',20,12,30,'Available'),
(641,'2023-07-09 16:30:00','07:06:00',32,26,25,'Available'),
(642,'2023-07-14 12:50:00','02:40:00',20,9,22,'Available'),
(643,'2023-07-20 23:40:00','08:52:00',25,27,30,'Available'),
(644,'2023-07-14 15:50:00','12:27:00',4,19,26,'Available'),
(645,'2023-07-03 15:00:00','12:04:00',7,16,8,'Available'),
(646,'2023-07-08 17:50:00','07:25:00',13,6,25,'Available'),
(647,'2023-07-13 16:10:00','08:33:00',30,15,25,'Available'),
(648,'2023-07-24 13:20:00','05:57:00',18,14,28,'Available'),
(649,'2023-07-04 08:50:00','11:54:00',3,22,30,'Available'),
(650,'2023-07-13 09:50:00','04:59:00',19,22,19,'Available'),
(651,'2023-07-05 15:50:00','12:31:00',23,21,16,'Available'),
(652,'2023-07-22 21:20:00','06:40:00',16,29,15,'Available'),
(653,'2023-07-09 21:00:00','09:44:00',11,6,10,'Available'),
(654,'2023-07-02 09:10:00','06:22:00',5,25,24,'Available'),
(655,'2023-07-18 16:50:00','12:08:00',22,30,20,'Available'),
(656,'2023-07-30 07:00:00','12:13:00',3,7,12,'Available'),
(657,'2023-07-12 06:40:00','06:10:00',32,18,23,'Available'),
(658,'2023-07-07 06:00:00','12:58:00',12,15,15,'Available'),
(659,'2023-07-08 23:10:00','10:46:00',17,7,7,'Available'),
(660,'2023-07-04 09:10:00','01:12:00',15,6,23,'Available'),
(661,'2023-07-03 12:50:00','07:05:00',29,15,21,'Available'),
(662,'2023-07-08 09:50:00','04:07:00',29,25,9,'Available'),
(663,'2023-07-20 11:00:00','02:14:00',21,7,5,'Available'),
(664,'2023-07-16 14:10:00','11:56:00',25,16,24,'Available'),
(665,'2023-07-29 01:50:00','06:50:00',26,20,27,'Available'),
(666,'2023-07-21 22:30:00','04:13:00',20,20,13,'Available'),
(667,'2023-07-05 23:40:00','00:21:00',6,16,5,'Available'),
(668,'2023-07-08 00:40:00','08:08:00',25,26,17,'Available'),
(669,'2023-07-15 11:40:00','07:13:00',12,26,14,'Available'),
(670,'2023-07-04 23:20:00','02:30:00',31,18,9,'Available'),
(671,'2023-07-09 02:00:00','01:53:00',14,14,20,'Available'),
(672,'2023-07-02 02:10:00','05:42:00',12,5,16,'Available'),
(673,'2023-07-13 14:50:00','10:50:00',5,11,28,'Available'),
(674,'2023-07-26 11:20:00','09:07:00',14,5,5,'Available'),
(675,'2023-07-12 12:50:00','03:11:00',19,25,11,'Available'),
(676,'2023-07-10 00:20:00','07:19:00',31,20,5,'Available'),
(677,'2023-07-22 00:10:00','11:32:00',28,12,8,'Available'),
(678,'2023-07-12 17:30:00','06:54:00',14,29,19,'Available'),
(679,'2023-07-09 22:40:00','09:01:00',31,11,9,'Available'),
(680,'2023-07-24 03:00:00','11:37:00',8,21,23,'Available'),
(681,'2023-07-09 19:40:00','01:19:00',31,18,7,'Available'),
(682,'2023-07-09 23:20:00','00:58:00',16,14,30,'Available'),
(683,'2023-07-19 01:00:00','09:20:00',6,18,18,'Available'),
(684,'2023-07-12 20:20:00','08:31:00',23,11,9,'Available'),
(685,'2023-07-25 07:40:00','02:17:00',32,28,8,'Available'),
(686,'2023-07-06 00:10:00','05:28:00',10,15,20,'Available'),
(687,'2023-07-03 08:30:00','10:54:00',10,25,12,'Available'),
(688,'2023-07-05 07:00:00','09:39:00',9,6,27,'Available'),
(689,'2023-07-06 15:50:00','05:49:00',16,12,21,'Available'),
(690,'2023-07-13 08:00:00','11:53:00',26,17,10,'Available'),
(691,'2023-07-01 06:10:00','01:44:00',19,10,17,'Available'),
(692,'2023-07-07 10:40:00','11:03:00',11,14,13,'Available'),
(693,'2023-07-23 12:50:00','02:29:00',28,8,21,'Available'),
(694,'2023-07-08 19:20:00','09:41:00',18,11,7,'Available'),
(695,'2023-07-22 04:40:00','10:01:00',28,6,20,'Available'),
(696,'2023-07-14 02:40:00','03:48:00',4,19,15,'Available'),
(697,'2023-07-11 08:00:00','00:39:00',3,20,23,'Available'),
(698,'2023-07-03 07:10:00','01:29:00',14,12,17,'Available'),
(699,'2023-07-07 19:00:00','01:21:00',19,26,6,'Available'),
(700,'2023-07-02 10:50:00','06:11:00',18,25,20,'Available'),
(701,'2023-08-26 10:50:00','02:00:00',30,5,30,'Available'),
(702,'2023-08-26 01:30:00','11:51:00',12,14,14,'Available'),
(703,'2023-08-15 09:50:00','06:48:00',12,27,21,'Available'),
(704,'2023-08-29 03:10:00','00:13:00',3,11,15,'Available'),
(705,'2023-08-24 20:40:00','07:09:00',17,13,11,'Available'),
(706,'2023-08-22 12:40:00','08:17:00',29,15,18,'Available'),
(707,'2023-08-16 13:50:00','06:51:00',32,16,23,'Available'),
(708,'2023-08-02 11:30:00','09:15:00',21,13,12,'Available'),
(709,'2023-08-22 21:50:00','08:35:00',19,30,17,'Available'),
(710,'2023-08-01 23:30:00','03:17:00',18,11,6,'Available'),
(711,'2023-08-29 13:40:00','10:44:00',17,19,6,'Available'),
(712,'2023-08-03 17:30:00','02:51:00',9,28,10,'Available'),
(713,'2023-08-30 11:50:00','06:34:00',32,15,15,'Available'),
(714,'2023-08-07 02:40:00','11:37:00',30,23,12,'Available'),
(715,'2023-08-23 23:50:00','12:09:00',10,27,21,'Available'),
(716,'2023-08-07 05:10:00','12:10:00',18,27,6,'Available'),
(717,'2023-08-01 00:50:00','05:17:00',3,13,11,'Available'),
(718,'2023-08-10 22:20:00','06:26:00',4,7,24,'Available'),
(719,'2023-08-22 12:50:00','08:11:00',11,29,30,'Available'),
(720,'2023-08-03 07:10:00','09:13:00',32,19,19,'Available'),
(721,'2023-08-16 04:50:00','07:18:00',14,19,11,'Available'),
(722,'2023-08-04 16:40:00','01:26:00',15,15,7,'Available'),
(723,'2023-08-30 20:10:00','06:33:00',18,30,23,'Available'),
(724,'2023-08-18 17:30:00','07:35:00',30,13,19,'Available'),
(725,'2023-08-07 06:00:00','04:43:00',4,19,5,'Available'),
(726,'2023-08-14 02:10:00','07:10:00',8,12,11,'Available'),
(727,'2023-08-16 04:30:00','06:51:00',18,29,26,'Available'),
(728,'2023-08-20 20:50:00','00:39:00',16,17,21,'Available'),
(729,'2023-08-17 00:10:00','09:20:00',32,16,14,'Available'),
(730,'2023-08-27 16:40:00','04:50:00',9,10,27,'Available'),
(731,'2023-08-10 03:10:00','00:00:00',6,10,17,'Available'),
(732,'2023-08-09 17:20:00','11:30:00',28,24,14,'Available'),
(733,'2023-08-15 15:00:00','01:48:00',23,29,28,'Available'),
(734,'2023-08-06 19:20:00','10:13:00',14,21,23,'Available'),
(735,'2023-08-11 18:30:00','02:24:00',32,8,29,'Available'),
(736,'2023-08-13 11:30:00','03:32:00',25,12,10,'Available'),
(737,'2023-08-20 00:30:00','10:48:00',18,10,20,'Available'),
(738,'2023-08-07 05:40:00','00:31:00',30,17,25,'Available'),
(739,'2023-08-13 19:50:00','03:47:00',15,19,28,'Available'),
(740,'2023-08-27 15:30:00','11:53:00',25,17,14,'Available'),
(741,'2023-08-04 00:00:00','10:19:00',16,30,17,'Available'),
(742,'2023-08-27 03:30:00','07:11:00',4,6,8,'Available'),
(743,'2023-08-01 23:50:00','07:30:00',11,6,23,'Available'),
(744,'2023-08-25 19:50:00','08:58:00',20,22,15,'Available'),
(745,'2023-08-21 22:40:00','04:37:00',9,29,5,'Available'),
(746,'2023-08-08 07:10:00','12:14:00',22,25,9,'Available'),
(747,'2023-08-08 02:00:00','01:54:00',6,7,20,'Available'),
(748,'2023-08-16 22:10:00','08:43:00',18,13,20,'Available'),
(749,'2023-08-18 03:20:00','02:49:00',16,24,25,'Available'),
(750,'2023-08-30 16:40:00','07:34:00',25,23,22,'Available'),
(751,'2023-08-27 07:00:00','01:17:00',30,13,5,'Available'),
(752,'2023-08-24 01:00:00','10:07:00',4,20,13,'Available'),
(753,'2023-08-12 08:00:00','08:34:00',23,11,8,'Available'),
(754,'2023-08-14 02:30:00','10:44:00',18,13,14,'Available'),
(755,'2023-08-19 17:10:00','10:05:00',19,21,6,'Available'),
(756,'2023-08-06 01:40:00','11:47:00',22,16,8,'Available'),
(757,'2023-08-23 15:20:00','10:24:00',9,8,29,'Available'),
(758,'2023-08-28 10:20:00','07:58:00',15,14,8,'Available'),
(759,'2023-08-22 03:40:00','10:10:00',30,16,15,'Available'),
(760,'2023-08-29 03:50:00','09:52:00',12,28,8,'Available'),
(761,'2023-08-15 14:10:00','07:50:00',23,26,26,'Available'),
(762,'2023-08-15 21:00:00','09:19:00',29,20,16,'Available'),
(763,'2023-08-08 21:30:00','00:06:00',6,27,23,'Available'),
(764,'2023-08-04 23:50:00','09:28:00',15,21,24,'Available'),
(765,'2023-08-19 09:40:00','03:22:00',29,26,19,'Available'),
(766,'2023-08-13 20:50:00','10:06:00',28,19,27,'Available'),
(767,'2023-08-10 15:30:00','12:19:00',24,24,13,'Available'),
(768,'2023-08-24 16:20:00','05:09:00',23,15,13,'Available'),
(769,'2023-08-05 17:20:00','05:37:00',13,29,23,'Available'),
(770,'2023-08-18 01:30:00','02:39:00',10,27,13,'Available'),
(771,'2023-08-08 01:40:00','03:26:00',10,14,10,'Available'),
(772,'2023-08-14 16:30:00','10:52:00',18,21,7,'Available'),
(773,'2023-08-12 22:40:00','03:33:00',20,11,16,'Available'),
(774,'2023-08-12 10:40:00','11:44:00',27,6,15,'Available'),
(775,'2023-08-29 13:20:00','09:05:00',26,15,14,'Available'),
(776,'2023-08-18 09:10:00','07:22:00',26,27,24,'Available'),
(777,'2023-08-18 23:10:00','05:08:00',7,10,6,'Available'),
(778,'2023-08-24 01:30:00','01:16:00',29,22,30,'Available'),
(779,'2023-08-19 16:20:00','07:19:00',26,9,14,'Available'),
(780,'2023-08-18 07:00:00','09:03:00',5,27,8,'Available'),
(781,'2023-08-02 20:40:00','04:08:00',26,5,5,'Available'),
(782,'2023-08-14 02:10:00','01:39:00',14,19,28,'Available'),
(783,'2023-08-20 13:00:00','02:53:00',22,29,10,'Available'),
(784,'2023-08-28 00:40:00','12:52:00',26,29,21,'Available'),
(785,'2023-08-29 00:00:00','08:51:00',12,6,23,'Available'),
(786,'2023-08-18 20:10:00','04:11:00',16,16,25,'Available'),
(787,'2023-08-12 07:30:00','10:45:00',10,6,15,'Available'),
(788,'2023-08-13 23:20:00','03:14:00',21,24,23,'Available'),
(789,'2023-08-02 06:50:00','02:48:00',29,24,6,'Available'),
(790,'2023-08-20 23:10:00','10:17:00',14,26,28,'Available'),
(791,'2023-08-20 04:50:00','01:40:00',19,28,21,'Available'),
(792,'2023-08-05 15:50:00','02:33:00',13,26,14,'Available'),
(793,'2023-08-07 18:40:00','03:12:00',23,29,17,'Available'),
(794,'2023-08-25 12:00:00','06:18:00',13,24,18,'Available'),
(795,'2023-08-08 09:50:00','09:13:00',7,25,14,'Available'),
(796,'2023-08-03 12:40:00','00:44:00',11,29,8,'Available'),
(797,'2023-08-03 23:20:00','04:54:00',26,7,15,'Available'),
(798,'2023-08-27 08:00:00','08:47:00',10,13,8,'Available'),
(799,'2023-08-26 08:40:00','11:46:00',25,27,6,'Available'),
(800,'2023-08-01 03:50:00','02:21:00',7,7,14,'Available'),
(801,'2023-09-09 17:20:00','06:48:00',32,19,30,'Available'),
(802,'2023-09-28 19:00:00','11:55:00',12,8,24,'Available'),
(803,'2023-09-07 02:00:00','11:27:00',30,12,14,'Available'),
(804,'2023-09-11 06:20:00','07:13:00',23,7,18,'Available'),
(805,'2023-09-23 20:10:00','11:27:00',12,7,17,'Available'),
(806,'2023-09-24 20:10:00','12:26:00',3,9,16,'Available'),
(807,'2023-09-23 11:40:00','00:47:00',14,10,26,'Available'),
(808,'2023-09-27 17:40:00','07:20:00',29,27,6,'Available'),
(809,'2023-09-24 05:10:00','12:20:00',8,19,10,'Available'),
(810,'2023-09-01 22:10:00','05:46:00',32,13,22,'Available'),
(811,'2023-09-16 20:10:00','06:26:00',10,6,21,'Available'),
(812,'2023-09-08 04:40:00','09:26:00',3,16,29,'Available'),
(813,'2023-09-22 22:50:00','01:09:00',30,6,8,'Available'),
(814,'2023-09-12 12:00:00','04:16:00',4,12,10,'Available'),
(815,'2023-09-23 16:50:00','03:13:00',29,5,19,'Available'),
(816,'2023-09-15 21:50:00','05:35:00',25,15,27,'Available'),
(817,'2023-09-13 12:50:00','04:09:00',3,7,20,'Available'),
(818,'2023-09-13 01:10:00','05:37:00',3,30,15,'Available'),
(819,'2023-09-05 08:00:00','10:39:00',7,8,20,'Available'),
(820,'2023-09-19 01:10:00','09:47:00',8,20,19,'Available'),
(821,'2023-09-15 06:40:00','12:27:00',20,8,11,'Available'),
(822,'2023-09-09 01:40:00','07:15:00',12,14,29,'Available'),
(823,'2023-09-03 14:30:00','08:16:00',4,7,28,'Available'),
(824,'2023-09-24 07:20:00','03:11:00',30,25,27,'Available'),
(825,'2023-09-29 01:20:00','12:49:00',25,14,19,'Available'),
(826,'2023-09-29 11:50:00','04:55:00',9,21,8,'Available'),
(827,'2023-09-10 10:30:00','11:02:00',24,15,27,'Available'),
(828,'2023-09-15 04:30:00','10:07:00',6,6,17,'Available'),
(829,'2023-09-12 16:20:00','10:53:00',21,18,6,'Available'),
(830,'2023-09-11 20:30:00','00:22:00',27,9,26,'Available'),
(831,'2023-09-17 17:50:00','04:27:00',4,17,8,'Available'),
(832,'2023-09-09 14:20:00','04:52:00',18,13,8,'Available'),
(833,'2023-09-14 01:20:00','08:59:00',24,29,15,'Available'),
(834,'2023-09-24 05:50:00','12:12:00',30,24,15,'Available'),
(835,'2023-09-06 03:10:00','01:39:00',8,13,16,'Available'),
(836,'2023-09-02 18:10:00','01:13:00',13,10,16,'Available'),
(837,'2023-09-15 08:00:00','07:46:00',3,11,20,'Available'),
(838,'2023-09-05 19:20:00','01:39:00',9,10,14,'Available'),
(839,'2023-09-29 11:20:00','11:41:00',23,25,17,'Available'),
(840,'2023-09-02 13:40:00','12:42:00',18,16,16,'Available'),
(841,'2023-09-21 01:30:00','07:25:00',24,24,21,'Available'),
(842,'2023-09-07 04:20:00','03:10:00',24,17,17,'Available'),
(843,'2023-09-22 07:10:00','07:08:00',11,18,29,'Available'),
(844,'2023-09-25 11:30:00','01:35:00',24,14,25,'Available'),
(845,'2023-09-15 06:10:00','10:07:00',30,14,29,'Available'),
(846,'2023-09-10 23:40:00','12:59:00',16,29,15,'Available'),
(847,'2023-09-28 14:20:00','12:48:00',25,8,10,'Available'),
(848,'2023-09-20 18:10:00','01:46:00',19,10,26,'Available'),
(849,'2023-09-11 22:20:00','02:11:00',14,6,25,'Available'),
(850,'2023-09-07 02:20:00','08:18:00',21,9,12,'Available'),
(851,'2023-09-14 15:30:00','04:08:00',18,16,14,'Available'),
(852,'2023-09-15 23:30:00','12:59:00',22,5,27,'Available'),
(853,'2023-09-28 16:30:00','04:45:00',6,28,6,'Available'),
(854,'2023-09-18 17:10:00','04:02:00',14,23,19,'Available'),
(855,'2023-09-28 09:20:00','01:20:00',26,18,5,'Available'),
(856,'2023-09-13 23:40:00','08:07:00',13,5,11,'Available'),
(857,'2023-09-02 08:20:00','02:37:00',28,29,7,'Available'),
(858,'2023-09-27 10:40:00','10:07:00',14,30,6,'Available'),
(859,'2023-09-27 03:40:00','09:23:00',14,20,20,'Available'),
(860,'2023-09-06 22:40:00','12:43:00',4,7,11,'Available'),
(861,'2023-09-22 22:30:00','09:27:00',19,14,25,'Available'),
(862,'2023-09-15 01:10:00','05:39:00',5,22,26,'Available'),
(863,'2023-09-03 01:20:00','03:16:00',17,23,25,'Available'),
(864,'2023-09-22 17:30:00','11:57:00',29,30,26,'Available'),
(865,'2023-09-08 08:50:00','03:13:00',3,10,24,'Available'),
(866,'2023-09-28 01:10:00','12:40:00',3,30,19,'Available'),
(867,'2023-09-06 12:20:00','11:30:00',14,7,10,'Available'),
(868,'2023-09-26 17:00:00','07:36:00',11,24,24,'Available'),
(869,'2023-09-27 03:30:00','08:14:00',29,15,12,'Available'),
(870,'2023-09-07 07:00:00','11:54:00',28,13,11,'Available'),
(871,'2023-09-23 06:10:00','02:01:00',22,29,22,'Available'),
(872,'2023-09-20 00:10:00','02:40:00',10,6,15,'Available'),
(873,'2023-09-11 23:50:00','01:19:00',22,20,9,'Available'),
(874,'2023-09-07 04:10:00','02:37:00',22,21,20,'Available'),
(875,'2023-09-05 02:40:00','11:58:00',24,12,30,'Available'),
(876,'2023-09-12 18:50:00','11:39:00',13,15,9,'Available'),
(877,'2023-09-14 14:20:00','01:13:00',18,15,17,'Available'),
(878,'2023-09-27 15:30:00','03:56:00',20,17,9,'Available'),
(879,'2023-09-28 03:50:00','07:35:00',15,5,19,'Available'),
(880,'2023-09-16 12:40:00','11:33:00',3,15,7,'Available'),
(881,'2023-09-28 07:50:00','02:52:00',10,28,7,'Available'),
(882,'2023-09-17 22:00:00','04:05:00',5,8,16,'Available'),
(883,'2023-09-19 17:00:00','04:48:00',21,27,11,'Available'),
(884,'2023-09-07 11:30:00','06:06:00',23,24,11,'Available'),
(885,'2023-09-20 07:40:00','06:08:00',8,26,30,'Available'),
(886,'2023-09-16 01:50:00','05:52:00',10,5,26,'Available'),
(887,'2023-09-01 13:20:00','08:03:00',25,9,29,'Available'),
(888,'2023-09-29 20:40:00','02:06:00',27,18,14,'Available'),
(889,'2023-09-04 22:40:00','08:43:00',30,21,25,'Available'),
(890,'2023-09-04 02:50:00','05:08:00',31,22,21,'Available'),
(891,'2023-09-18 15:00:00','09:12:00',22,8,16,'Available'),
(892,'2023-09-25 02:20:00','03:02:00',8,21,30,'Available'),
(893,'2023-09-06 23:10:00','06:54:00',31,17,30,'Available'),
(894,'2023-09-22 02:20:00','08:48:00',24,5,19,'Available'),
(895,'2023-09-20 12:40:00','06:39:00',16,27,15,'Available'),
(896,'2023-09-25 09:20:00','07:02:00',25,17,21,'Available'),
(897,'2023-09-23 09:40:00','05:35:00',20,7,30,'Available'),
(898,'2023-09-11 17:40:00','07:50:00',18,15,8,'Available'),
(899,'2023-09-12 01:50:00','03:30:00',28,18,5,'Available'),
(900,'2023-09-12 04:50:00','10:21:00',30,30,28,'Available'),
(901,'2023-10-25 17:10:00','09:44:00',4,25,22,'Available'),
(902,'2023-10-25 11:40:00','12:42:00',28,28,16,'Available'),
(903,'2023-10-05 03:40:00','10:54:00',24,22,16,'Available'),
(904,'2023-10-12 02:50:00','12:04:00',28,12,5,'Available'),
(905,'2023-10-09 19:50:00','01:44:00',21,7,20,'Available'),
(906,'2023-10-12 13:40:00','05:07:00',6,22,8,'Available'),
(907,'2023-10-09 14:40:00','01:31:00',9,26,6,'Available'),
(908,'2023-10-28 04:30:00','02:25:00',27,14,30,'Available'),
(909,'2023-10-01 09:40:00','04:03:00',15,9,21,'Available'),
(910,'2023-10-09 02:50:00','10:10:00',14,17,21,'Available'),
(911,'2023-10-03 00:30:00','02:41:00',13,6,20,'Available'),
(912,'2023-10-18 11:50:00','03:52:00',12,8,26,'Available'),
(913,'2023-10-23 08:20:00','04:28:00',8,23,23,'Available'),
(914,'2023-10-15 16:50:00','03:32:00',20,19,28,'Available'),
(915,'2023-10-23 20:30:00','11:39:00',13,5,13,'Available'),
(916,'2023-10-26 19:00:00','05:41:00',13,24,8,'Available'),
(917,'2023-10-17 05:10:00','10:55:00',12,18,11,'Available'),
(918,'2023-10-23 06:30:00','03:04:00',11,29,13,'Available'),
(919,'2023-10-30 07:10:00','06:14:00',7,17,20,'Available'),
(920,'2023-10-20 13:20:00','12:35:00',20,28,17,'Available'),
(921,'2023-10-22 13:40:00','05:04:00',31,28,6,'Available'),
(922,'2023-10-10 19:50:00','03:22:00',5,17,30,'Available'),
(923,'2023-10-07 14:30:00','02:38:00',25,11,22,'Available'),
(924,'2023-10-02 02:40:00','03:44:00',3,26,9,'Available'),
(925,'2023-10-12 19:50:00','00:16:00',22,12,11,'Available'),
(926,'2023-10-10 00:50:00','07:58:00',23,5,6,'Available'),
(927,'2023-10-15 10:20:00','02:03:00',30,21,21,'Available'),
(928,'2023-10-14 06:10:00','01:53:00',3,10,28,'Available'),
(929,'2023-10-20 19:20:00','02:18:00',5,9,6,'Available'),
(930,'2023-10-14 12:20:00','08:40:00',23,7,25,'Available'),
(931,'2023-10-30 17:30:00','12:39:00',5,17,14,'Available'),
(932,'2023-10-13 01:10:00','01:37:00',17,9,21,'Available'),
(933,'2023-10-29 18:10:00','02:41:00',28,18,10,'Available'),
(934,'2023-10-30 15:20:00','11:17:00',14,14,28,'Available'),
(935,'2023-10-15 20:40:00','06:59:00',28,24,20,'Available'),
(936,'2023-10-15 16:50:00','00:57:00',8,25,6,'Available'),
(937,'2023-10-27 08:00:00','06:30:00',22,26,11,'Available'),
(938,'2023-10-27 19:30:00','12:34:00',5,30,24,'Available'),
(939,'2023-10-08 20:10:00','04:05:00',18,11,16,'Available'),
(940,'2023-10-10 02:50:00','07:40:00',29,7,8,'Available'),
(941,'2023-10-30 18:40:00','08:47:00',30,14,7,'Available'),
(942,'2023-10-18 04:30:00','09:07:00',18,30,10,'Available'),
(943,'2023-10-15 00:40:00','11:36:00',4,26,15,'Available'),
(944,'2023-10-22 21:50:00','04:21:00',3,25,9,'Available'),
(945,'2023-10-25 02:50:00','01:48:00',17,30,19,'Available'),
(946,'2023-10-24 20:50:00','06:31:00',10,13,14,'Available'),
(947,'2023-10-18 23:30:00','04:35:00',32,20,7,'Available'),
(948,'2023-10-20 13:50:00','01:17:00',30,24,29,'Available'),
(949,'2023-10-09 06:40:00','08:37:00',15,11,23,'Available'),
(950,'2023-10-10 12:20:00','06:35:00',5,10,18,'Available'),
(951,'2023-10-23 06:50:00','02:46:00',26,23,18,'Available'),
(952,'2023-10-21 19:40:00','06:51:00',7,29,7,'Available'),
(953,'2023-10-07 01:00:00','00:22:00',14,20,15,'Available'),
(954,'2023-10-07 05:40:00','02:57:00',17,26,22,'Available'),
(955,'2023-10-29 15:00:00','07:00:00',15,19,30,'Available'),
(956,'2023-10-24 07:30:00','07:32:00',14,9,27,'Available'),
(957,'2023-10-13 21:00:00','06:32:00',19,21,29,'Available'),
(958,'2023-10-14 03:20:00','10:26:00',22,28,7,'Available'),
(959,'2023-10-05 01:30:00','12:13:00',14,20,23,'Available'),
(960,'2023-10-20 09:00:00','05:57:00',18,30,12,'Available'),
(961,'2023-10-29 13:00:00','06:57:00',27,12,14,'Available'),
(962,'2023-10-13 14:30:00','05:23:00',27,26,11,'Available'),
(963,'2023-10-10 12:30:00','10:45:00',14,24,24,'Available'),
(964,'2023-10-17 14:40:00','11:12:00',4,25,28,'Available'),
(965,'2023-10-20 00:40:00','07:12:00',3,6,18,'Available'),
(966,'2023-10-25 03:50:00','01:24:00',6,19,27,'Available'),
(967,'2023-10-17 03:10:00','02:07:00',15,26,29,'Available'),
(968,'2023-10-27 11:40:00','09:11:00',16,19,15,'Available'),
(969,'2023-10-21 20:40:00','05:06:00',32,14,9,'Available'),
(970,'2023-10-15 01:00:00','01:42:00',17,6,21,'Available'),
(971,'2023-10-11 06:00:00','07:47:00',5,6,28,'Available'),
(972,'2023-10-27 15:10:00','04:22:00',14,13,10,'Available'),
(973,'2023-10-24 01:00:00','02:44:00',18,5,8,'Available'),
(974,'2023-10-01 08:20:00','11:12:00',29,22,6,'Available'),
(975,'2023-10-02 11:20:00','01:18:00',4,14,13,'Available'),
(976,'2023-10-02 06:30:00','09:21:00',30,7,27,'Available'),
(977,'2023-10-14 03:00:00','11:46:00',30,22,28,'Available'),
(978,'2023-10-27 04:40:00','01:02:00',27,12,24,'Available'),
(979,'2023-10-10 06:10:00','02:26:00',13,28,7,'Available'),
(980,'2023-10-06 19:50:00','00:20:00',28,29,29,'Available'),
(981,'2023-10-05 09:40:00','02:01:00',13,22,5,'Available'),
(982,'2023-10-29 13:00:00','02:07:00',23,6,24,'Available'),
(983,'2023-10-13 19:50:00','10:54:00',29,9,21,'Available'),
(984,'2023-10-18 03:50:00','07:08:00',12,17,29,'Available'),
(985,'2023-10-16 15:30:00','09:49:00',16,8,16,'Available'),
(986,'2023-10-02 15:40:00','11:29:00',29,15,21,'Available'),
(987,'2023-10-16 21:30:00','09:57:00',19,23,6,'Available'),
(988,'2023-10-20 07:30:00','06:23:00',4,25,18,'Available'),
(989,'2023-10-08 20:30:00','00:59:00',23,6,20,'Available'),
(990,'2023-10-30 21:50:00','00:42:00',9,20,15,'Available'),
(991,'2023-10-07 14:40:00','06:33:00',22,18,7,'Available'),
(992,'2023-10-15 13:10:00','07:57:00',17,17,27,'Available'),
(993,'2023-10-19 04:40:00','01:44:00',12,17,23,'Available'),
(994,'2023-10-18 23:20:00','02:33:00',23,20,28,'Available'),
(995,'2023-10-09 09:40:00','05:35:00',12,11,5,'Available'),
(996,'2023-10-23 02:20:00','10:14:00',12,18,13,'Available'),
(997,'2023-10-27 12:20:00','02:38:00',17,10,29,'Available'),
(998,'2023-10-07 06:00:00','02:24:00',21,14,22,'Available'),
(999,'2023-10-02 06:00:00','01:37:00',8,27,26,'Available'),
(1000,'2023-10-20 23:20:00','01:29:00',16,10,26,'Available'),
(1001,'2023-11-24 05:00:00','04:32:00',17,8,24,'Available'),
(1002,'2023-11-06 03:30:00','03:17:00',11,10,26,'Available'),
(1003,'2023-11-10 02:00:00','02:58:00',8,29,18,'Available'),
(1004,'2023-11-27 22:30:00','02:01:00',8,19,7,'Available'),
(1005,'2023-11-03 17:10:00','05:46:00',23,11,29,'Available'),
(1006,'2023-11-15 04:50:00','05:05:00',17,20,26,'Available'),
(1007,'2023-11-17 10:00:00','09:48:00',16,7,21,'Available'),
(1008,'2023-11-12 11:10:00','07:00:00',7,19,15,'Available'),
(1009,'2023-11-05 14:10:00','06:18:00',16,22,13,'Available'),
(1010,'2023-11-27 22:10:00','08:40:00',31,14,8,'Available'),
(1011,'2023-11-05 08:50:00','12:03:00',9,24,12,'Available'),
(1012,'2023-11-11 00:20:00','07:57:00',19,7,21,'Available'),
(1013,'2023-11-18 13:40:00','05:23:00',3,16,8,'Available'),
(1014,'2023-11-06 21:00:00','03:51:00',6,10,8,'Available'),
(1015,'2023-11-22 05:20:00','08:20:00',13,15,18,'Available'),
(1016,'2023-11-04 23:10:00','10:02:00',17,19,17,'Available'),
(1017,'2023-11-13 10:50:00','04:34:00',22,28,29,'Available'),
(1018,'2023-11-23 18:00:00','06:05:00',18,27,24,'Available'),
(1019,'2023-11-19 00:50:00','01:46:00',11,19,5,'Available'),
(1020,'2023-11-10 09:50:00','11:12:00',6,15,11,'Available'),
(1021,'2023-11-22 08:50:00','11:08:00',13,10,5,'Available'),
(1022,'2023-11-12 23:00:00','07:05:00',21,12,20,'Available'),
(1023,'2023-11-04 11:10:00','08:37:00',17,8,17,'Available'),
(1024,'2023-11-06 16:30:00','05:12:00',17,12,9,'Available'),
(1025,'2023-11-12 06:20:00','05:35:00',3,15,17,'Available'),
(1026,'2023-11-06 12:40:00','08:25:00',15,7,13,'Available'),
(1027,'2023-11-20 01:20:00','01:55:00',11,28,14,'Available'),
(1028,'2023-11-08 15:40:00','02:14:00',15,24,29,'Available'),
(1029,'2023-11-25 21:40:00','08:25:00',25,27,12,'Available'),
(1030,'2023-11-19 04:30:00','01:08:00',24,9,23,'Available'),
(1031,'2023-11-27 08:50:00','04:22:00',7,16,8,'Available'),
(1032,'2023-11-09 17:20:00','06:39:00',4,8,21,'Available'),
(1033,'2023-11-24 08:50:00','01:56:00',10,11,16,'Available'),
(1034,'2023-11-28 05:20:00','02:05:00',8,21,14,'Available'),
(1035,'2023-11-04 13:10:00','03:10:00',20,25,16,'Available'),
(1036,'2023-11-24 04:20:00','05:54:00',14,12,22,'Available'),
(1037,'2023-11-07 04:50:00','02:29:00',27,15,14,'Available'),
(1038,'2023-11-08 00:20:00','10:36:00',25,6,12,'Available'),
(1039,'2023-11-01 08:10:00','10:33:00',8,7,19,'Available'),
(1040,'2023-11-08 10:30:00','12:08:00',4,20,24,'Available'),
(1041,'2023-11-28 08:10:00','12:17:00',10,20,29,'Available'),
(1042,'2023-11-21 04:30:00','01:23:00',29,14,27,'Available'),
(1043,'2023-11-29 10:20:00','03:43:00',14,20,18,'Available'),
(1044,'2023-11-11 22:10:00','03:02:00',22,17,9,'Available'),
(1045,'2023-11-28 17:50:00','00:30:00',27,14,28,'Available'),
(1046,'2023-11-07 03:20:00','08:15:00',9,21,7,'Available'),
(1047,'2023-11-27 12:10:00','03:17:00',20,11,24,'Available'),
(1048,'2023-11-05 12:00:00','01:10:00',23,6,11,'Available'),
(1049,'2023-11-18 18:20:00','03:38:00',30,13,24,'Available'),
(1050,'2023-11-07 00:30:00','11:34:00',12,24,5,'Available'),
(1051,'2023-11-09 06:10:00','04:34:00',13,6,8,'Available'),
(1052,'2023-11-19 01:00:00','05:00:00',15,25,19,'Available'),
(1053,'2023-11-20 18:50:00','09:01:00',6,16,8,'Available'),
(1054,'2023-11-09 22:20:00','09:17:00',3,22,19,'Available'),
(1055,'2023-11-09 20:20:00','10:02:00',19,25,23,'Available'),
(1056,'2023-11-03 19:10:00','08:21:00',30,30,26,'Available'),
(1057,'2023-11-07 13:30:00','01:27:00',11,29,14,'Available'),
(1058,'2023-11-10 16:40:00','01:53:00',12,11,28,'Available'),
(1059,'2023-11-24 18:40:00','07:15:00',4,15,22,'Available'),
(1060,'2023-11-29 08:00:00','08:47:00',14,13,9,'Available'),
(1061,'2023-11-07 04:30:00','08:46:00',27,30,12,'Available'),
(1062,'2023-11-15 18:20:00','10:06:00',9,18,7,'Available'),
(1063,'2023-11-21 14:00:00','03:00:00',11,6,25,'Available'),
(1064,'2023-11-16 10:50:00','06:13:00',6,14,24,'Available'),
(1065,'2023-11-13 08:40:00','04:04:00',19,26,22,'Available'),
(1066,'2023-11-18 23:10:00','08:13:00',5,8,29,'Available'),
(1067,'2023-11-17 17:50:00','11:27:00',25,29,14,'Available'),
(1068,'2023-11-08 15:20:00','05:58:00',15,11,23,'Available'),
(1069,'2023-11-10 17:30:00','06:36:00',22,30,25,'Available'),
(1070,'2023-11-07 22:20:00','03:27:00',3,13,13,'Available'),
(1071,'2023-11-10 19:40:00','00:09:00',8,29,23,'Available'),
(1072,'2023-11-21 14:30:00','12:22:00',7,11,30,'Available'),
(1073,'2023-11-01 11:30:00','09:28:00',13,14,14,'Available'),
(1074,'2023-11-09 10:40:00','07:17:00',32,28,30,'Available'),
(1075,'2023-11-14 02:20:00','00:02:00',28,30,28,'Available'),
(1076,'2023-11-26 03:20:00','06:12:00',8,25,25,'Available'),
(1077,'2023-11-03 00:40:00','09:21:00',25,20,11,'Available'),
(1078,'2023-11-25 22:50:00','09:25:00',4,10,9,'Available'),
(1079,'2023-11-06 14:20:00','10:17:00',6,29,7,'Available'),
(1080,'2023-11-21 03:10:00','11:26:00',31,22,30,'Available'),
(1081,'2023-11-13 20:40:00','07:29:00',13,21,24,'Available'),
(1082,'2023-11-18 21:20:00','12:39:00',28,25,27,'Available'),
(1083,'2023-11-13 03:30:00','07:51:00',10,28,7,'Available'),
(1084,'2023-11-18 17:50:00','04:13:00',30,11,11,'Available'),
(1085,'2023-11-15 14:20:00','11:19:00',30,17,26,'Available'),
(1086,'2023-11-23 01:00:00','10:06:00',20,22,16,'Available'),
(1087,'2023-11-26 16:00:00','07:07:00',19,12,28,'Available'),
(1088,'2023-11-27 13:10:00','09:14:00',32,26,27,'Available'),
(1089,'2023-11-23 05:00:00','05:37:00',31,24,22,'Available'),
(1090,'2023-11-28 22:20:00','12:17:00',27,25,19,'Available'),
(1091,'2023-11-16 08:10:00','06:33:00',14,22,12,'Available'),
(1092,'2023-11-08 19:00:00','04:54:00',16,19,30,'Available'),
(1093,'2023-11-22 11:30:00','01:45:00',17,12,5,'Available'),
(1094,'2023-11-06 04:30:00','08:59:00',30,26,6,'Available'),
(1095,'2023-11-22 21:40:00','06:45:00',11,20,28,'Available'),
(1096,'2023-11-07 15:00:00','01:07:00',12,30,15,'Available'),
(1097,'2023-11-17 13:20:00','05:42:00',28,13,21,'Available'),
(1098,'2023-11-29 12:30:00','10:03:00',24,20,12,'Available'),
(1099,'2023-11-04 10:10:00','01:07:00',23,18,23,'Available'),
(1100,'2023-11-21 10:50:00','07:54:00',30,19,16,'Available'),
(1101,'2023-12-24 05:50:00','02:51:00',10,13,17,'Available'),
(1102,'2023-12-26 07:40:00','01:10:00',20,12,25,'Available'),
(1103,'2023-12-28 14:30:00','01:53:00',29,7,24,'Available'),
(1104,'2023-12-19 16:20:00','07:28:00',32,7,28,'Available'),
(1105,'2023-12-27 07:00:00','08:08:00',23,13,13,'Available'),
(1106,'2023-12-12 22:10:00','03:35:00',20,5,12,'Available'),
(1107,'2023-12-19 09:10:00','07:58:00',28,29,13,'Available'),
(1108,'2023-12-04 13:30:00','11:33:00',3,18,19,'Available'),
(1109,'2023-12-16 21:10:00','03:37:00',18,7,27,'Available'),
(1110,'2023-12-14 15:20:00','04:52:00',16,10,28,'Available'),
(1111,'2023-12-14 01:00:00','09:33:00',21,8,8,'Available'),
(1112,'2023-12-14 14:00:00','05:51:00',26,19,8,'Available'),
(1113,'2023-12-07 21:40:00','11:23:00',22,25,14,'Available'),
(1114,'2023-12-04 04:50:00','12:30:00',14,8,25,'Available'),
(1115,'2023-12-24 14:50:00','00:30:00',9,10,18,'Available'),
(1116,'2023-12-23 21:10:00','08:27:00',27,12,28,'Available'),
(1117,'2023-12-12 21:30:00','01:53:00',17,25,19,'Available'),
(1118,'2023-12-15 01:50:00','02:20:00',32,18,19,'Available'),
(1119,'2023-12-21 08:30:00','12:34:00',13,5,17,'Available'),
(1120,'2023-12-18 06:50:00','10:25:00',12,6,7,'Available'),
(1121,'2023-12-11 12:20:00','06:55:00',22,11,25,'Available'),
(1122,'2023-12-09 04:50:00','01:50:00',6,19,25,'Available'),
(1123,'2023-12-18 07:00:00','06:51:00',32,16,8,'Available'),
(1124,'2023-12-27 03:50:00','12:21:00',31,20,29,'Available'),
(1125,'2023-12-26 10:30:00','08:49:00',18,25,13,'Available'),
(1126,'2023-12-30 12:00:00','12:27:00',17,19,10,'Available'),
(1127,'2023-12-19 06:10:00','10:00:00',29,10,7,'Available'),
(1128,'2023-12-04 19:10:00','08:48:00',16,15,27,'Available'),
(1129,'2023-12-29 12:40:00','04:14:00',23,11,23,'Available'),
(1130,'2023-12-28 01:30:00','02:14:00',24,23,14,'Available'),
(1131,'2023-12-06 21:00:00','00:25:00',31,24,23,'Available'),
(1132,'2023-12-19 15:40:00','10:51:00',14,21,5,'Available'),
(1133,'2023-12-17 15:20:00','03:02:00',32,14,16,'Available'),
(1134,'2023-12-29 09:40:00','10:51:00',26,23,14,'Available'),
(1135,'2023-12-24 16:10:00','02:10:00',20,28,29,'Available'),
(1136,'2023-12-14 19:10:00','00:15:00',15,11,12,'Available'),
(1137,'2023-12-06 20:00:00','08:32:00',15,19,14,'Available'),
(1138,'2023-12-30 23:20:00','09:07:00',7,15,23,'Available'),
(1139,'2023-12-12 19:10:00','12:36:00',29,14,14,'Available'),
(1140,'2023-12-04 03:00:00','10:09:00',6,12,7,'Available'),
(1141,'2023-12-17 16:40:00','04:57:00',31,23,22,'Available'),
(1142,'2023-12-04 00:20:00','02:07:00',12,26,14,'Available'),
(1143,'2023-12-24 15:00:00','12:25:00',19,30,27,'Available'),
(1144,'2023-12-10 19:40:00','09:32:00',16,15,30,'Available'),
(1145,'2023-12-16 23:40:00','08:51:00',5,28,8,'Available'),
(1146,'2023-12-05 03:50:00','05:59:00',9,13,10,'Available'),
(1147,'2023-12-25 15:50:00','02:04:00',12,19,6,'Available'),
(1148,'2023-12-30 18:30:00','11:36:00',27,20,6,'Available'),
(1149,'2023-12-02 14:30:00','09:04:00',28,6,26,'Available'),
(1150,'2023-12-14 05:30:00','11:32:00',25,18,13,'Available'),
(1151,'2023-12-02 08:40:00','06:01:00',24,8,6,'Available'),
(1152,'2023-12-21 02:20:00','11:29:00',15,30,20,'Available'),
(1153,'2023-12-13 11:10:00','04:36:00',3,20,25,'Available'),
(1154,'2023-12-06 09:30:00','09:38:00',12,20,11,'Available'),
(1155,'2023-12-23 06:00:00','05:39:00',31,7,30,'Available'),
(1156,'2023-12-30 16:40:00','10:07:00',13,14,28,'Available'),
(1157,'2023-12-11 19:20:00','05:13:00',18,27,28,'Available'),
(1158,'2023-12-24 20:10:00','06:57:00',18,19,17,'Available'),
(1159,'2023-12-19 00:10:00','10:08:00',17,16,11,'Available'),
(1160,'2023-12-23 19:30:00','08:30:00',11,5,26,'Available'),
(1161,'2023-12-12 01:00:00','07:58:00',22,14,25,'Available'),
(1162,'2023-12-03 05:30:00','01:28:00',29,16,16,'Available'),
(1163,'2023-12-27 12:30:00','02:25:00',24,7,10,'Available'),
(1164,'2023-12-05 21:10:00','03:22:00',32,18,15,'Available'),
(1165,'2023-12-16 12:20:00','04:41:00',18,10,22,'Available'),
(1166,'2023-12-29 07:40:00','11:38:00',27,28,7,'Available'),
(1167,'2023-12-05 12:50:00','08:45:00',28,13,17,'Available'),
(1168,'2023-12-05 13:50:00','09:01:00',31,30,16,'Available'),
(1169,'2023-12-22 03:40:00','11:01:00',3,13,21,'Available'),
(1170,'2023-12-17 02:40:00','10:52:00',6,8,16,'Available'),
(1171,'2023-12-30 20:10:00','12:11:00',3,6,14,'Available'),
(1172,'2023-12-22 12:40:00','08:20:00',21,25,25,'Available'),
(1173,'2023-12-03 20:30:00','11:05:00',28,23,17,'Available'),
(1174,'2023-12-18 02:50:00','11:50:00',28,11,17,'Available'),
(1175,'2023-12-05 23:50:00','09:25:00',8,15,25,'Available'),
(1176,'2023-12-18 22:00:00','12:20:00',12,10,11,'Available'),
(1177,'2023-12-29 12:50:00','12:54:00',4,17,19,'Available'),
(1178,'2023-12-25 09:10:00','08:16:00',16,14,19,'Available'),
(1179,'2023-12-17 18:00:00','03:57:00',24,27,9,'Available'),
(1180,'2023-12-26 03:10:00','00:05:00',29,13,5,'Available'),
(1181,'2023-12-25 10:30:00','08:49:00',26,15,29,'Available'),
(1182,'2023-12-24 04:40:00','11:09:00',16,21,23,'Available'),
(1183,'2023-12-09 14:20:00','04:36:00',9,6,9,'Available'),
(1184,'2023-12-28 02:30:00','01:55:00',10,26,7,'Available'),
(1185,'2023-12-21 03:40:00','05:27:00',17,24,26,'Available'),
(1186,'2023-12-15 20:50:00','07:11:00',13,21,10,'Available'),
(1187,'2023-12-27 08:10:00','05:28:00',26,12,20,'Available'),
(1188,'2023-12-02 11:10:00','05:43:00',20,13,30,'Available'),
(1189,'2023-12-30 05:30:00','06:32:00',16,23,28,'Available'),
(1190,'2023-12-10 21:30:00','11:51:00',8,20,8,'Available'),
(1191,'2023-12-01 01:30:00','00:33:00',15,23,29,'Available'),
(1192,'2023-12-22 02:30:00','08:23:00',19,11,25,'Available'),
(1193,'2023-12-13 21:20:00','01:09:00',28,8,23,'Available'),
(1194,'2023-12-26 11:20:00','10:54:00',23,8,29,'Available'),
(1195,'2023-12-18 21:00:00','04:53:00',4,8,28,'Available'),
(1196,'2023-12-14 09:10:00','00:48:00',28,24,30,'Available'),
(1197,'2023-12-19 21:50:00','11:41:00',14,14,18,'Available'),
(1198,'2023-12-27 02:30:00','06:33:00',30,25,5,'Available'),
(1199,'2023-12-03 09:30:00','01:11:00',25,21,12,'Available'),
(1200,'2023-12-16 09:30:00','05:49:00',26,18,8,'Available'),
(1201,'2024-01-13 18:50:00','09:56:00',5,19,28,'Available'),
(1202,'2024-01-01 05:30:00','07:14:00',7,13,19,'Available'),
(1203,'2024-01-24 02:30:00','06:38:00',14,9,24,'Available'),
(1204,'2024-01-13 08:30:00','03:07:00',17,12,6,'Available'),
(1205,'2024-01-18 22:20:00','09:33:00',17,7,10,'Available'),
(1206,'2024-01-05 17:30:00','06:51:00',8,27,23,'Available'),
(1207,'2024-01-03 22:10:00','02:14:00',10,7,5,'Available'),
(1208,'2024-01-18 04:30:00','06:17:00',32,14,10,'Available'),
(1209,'2024-01-21 13:10:00','12:09:00',4,19,23,'Available'),
(1210,'2024-01-17 03:30:00','08:34:00',23,23,26,'Available'),
(1211,'2024-01-02 00:40:00','06:14:00',21,7,24,'Available'),
(1212,'2024-01-04 10:50:00','03:35:00',8,16,11,'Available'),
(1213,'2024-01-06 16:40:00','07:30:00',19,11,8,'Available'),
(1214,'2024-01-29 10:40:00','00:43:00',18,21,30,'Available'),
(1215,'2024-01-17 16:40:00','00:47:00',23,24,19,'Available'),
(1216,'2024-01-21 12:40:00','01:56:00',5,16,21,'Available'),
(1217,'2024-01-24 22:00:00','03:49:00',3,21,28,'Available'),
(1218,'2024-01-12 19:10:00','09:05:00',16,10,14,'Available'),
(1219,'2024-01-15 04:00:00','00:02:00',4,5,10,'Available'),
(1220,'2024-01-06 17:10:00','12:47:00',17,7,9,'Available'),
(1221,'2024-01-07 16:10:00','12:56:00',22,30,9,'Available'),
(1222,'2024-01-23 03:10:00','02:05:00',3,8,17,'Available'),
(1223,'2024-01-25 07:30:00','08:57:00',7,13,21,'Available'),
(1224,'2024-01-21 21:20:00','00:55:00',19,16,20,'Available'),
(1225,'2024-01-14 14:30:00','09:03:00',13,25,20,'Available'),
(1226,'2024-01-17 11:00:00','01:04:00',21,12,13,'Available'),
(1227,'2024-01-30 05:00:00','07:56:00',21,24,14,'Available'),
(1228,'2024-01-06 11:00:00','12:32:00',6,22,28,'Available'),
(1229,'2024-01-04 09:10:00','07:21:00',7,14,22,'Available'),
(1230,'2024-01-26 21:40:00','11:50:00',15,9,27,'Available'),
(1231,'2024-01-07 04:10:00','10:31:00',6,17,5,'Available'),
(1232,'2024-01-14 16:30:00','01:26:00',16,22,10,'Available'),
(1233,'2024-01-30 19:30:00','09:33:00',11,22,11,'Available'),
(1234,'2024-01-18 23:20:00','02:22:00',12,23,29,'Available'),
(1235,'2024-01-12 06:30:00','01:13:00',10,23,26,'Available'),
(1236,'2024-01-02 18:30:00','08:06:00',13,6,29,'Available'),
(1237,'2024-01-04 18:00:00','03:34:00',22,30,16,'Available'),
(1238,'2024-01-07 01:00:00','09:44:00',27,27,28,'Available'),
(1239,'2024-01-29 20:00:00','05:11:00',9,17,18,'Available'),
(1240,'2024-01-15 09:10:00','11:57:00',6,27,5,'Available'),
(1241,'2024-01-30 20:20:00','06:02:00',21,26,7,'Available'),
(1242,'2024-01-26 20:20:00','10:52:00',26,30,24,'Available'),
(1243,'2024-01-02 14:30:00','09:23:00',19,26,29,'Available'),
(1244,'2024-01-26 15:40:00','04:56:00',8,7,28,'Available'),
(1245,'2024-01-02 04:40:00','07:30:00',8,23,11,'Available'),
(1246,'2024-01-04 15:50:00','05:55:00',18,17,8,'Available'),
(1247,'2024-01-19 22:50:00','08:02:00',17,13,23,'Available'),
(1248,'2024-01-18 00:00:00','07:51:00',21,29,9,'Available'),
(1249,'2024-01-26 18:30:00','01:45:00',4,17,8,'Available'),
(1250,'2024-01-16 14:30:00','05:09:00',29,22,18,'Available'),
(1251,'2024-01-02 05:50:00','07:55:00',8,29,7,'Available'),
(1252,'2024-01-17 22:40:00','06:26:00',23,10,26,'Available'),
(1253,'2024-01-04 01:30:00','11:11:00',15,9,26,'Available'),
(1254,'2024-01-20 23:20:00','00:38:00',18,19,15,'Available'),
(1255,'2024-01-26 05:10:00','05:24:00',22,16,22,'Available'),
(1256,'2024-01-25 08:50:00','12:32:00',16,22,5,'Available'),
(1257,'2024-01-09 22:30:00','06:46:00',3,26,26,'Available'),
(1258,'2024-01-12 04:40:00','03:52:00',8,17,23,'Available'),
(1259,'2024-01-02 18:20:00','06:01:00',19,18,11,'Available'),
(1260,'2024-01-23 03:20:00','06:12:00',4,19,19,'Available'),
(1261,'2024-01-30 10:20:00','05:49:00',16,30,28,'Available'),
(1262,'2024-01-18 15:50:00','12:15:00',4,27,8,'Available'),
(1263,'2024-01-14 02:10:00','10:49:00',23,26,10,'Available'),
(1264,'2024-01-20 16:10:00','07:53:00',15,15,17,'Available'),
(1265,'2024-01-16 15:40:00','04:41:00',28,20,25,'Available'),
(1266,'2024-01-12 22:00:00','06:46:00',10,10,6,'Available'),
(1267,'2024-01-04 10:40:00','03:08:00',18,20,16,'Available'),
(1268,'2024-01-07 04:40:00','03:10:00',20,14,18,'Available'),
(1269,'2024-01-07 10:30:00','09:20:00',13,22,7,'Available'),
(1270,'2024-01-21 03:50:00','00:56:00',28,13,27,'Available'),
(1271,'2024-01-03 07:50:00','05:17:00',8,26,25,'Available'),
(1272,'2024-01-20 08:00:00','00:19:00',23,26,24,'Available'),
(1273,'2024-01-16 20:20:00','05:58:00',29,26,24,'Available'),
(1274,'2024-01-12 08:40:00','03:02:00',22,27,5,'Available'),
(1275,'2024-01-27 13:50:00','08:14:00',22,25,6,'Available'),
(1276,'2024-01-16 05:00:00','02:36:00',25,15,26,'Available'),
(1277,'2024-01-10 17:40:00','01:09:00',22,25,14,'Available'),
(1278,'2024-01-09 07:10:00','04:14:00',21,23,29,'Available'),
(1279,'2024-01-29 00:30:00','07:09:00',11,22,14,'Available'),
(1280,'2024-01-16 07:10:00','01:45:00',32,16,8,'Available'),
(1281,'2024-01-28 05:40:00','11:46:00',23,25,22,'Available'),
(1282,'2024-01-11 11:30:00','07:21:00',10,13,21,'Available'),
(1283,'2024-01-29 17:50:00','12:37:00',16,25,10,'Available'),
(1284,'2024-01-23 17:10:00','08:37:00',16,22,16,'Available'),
(1285,'2024-01-22 09:20:00','04:31:00',30,22,5,'Available'),
(1286,'2024-01-06 16:50:00','00:09:00',5,23,30,'Available'),
(1287,'2024-01-14 20:00:00','09:32:00',29,24,24,'Available'),
(1288,'2024-01-01 02:40:00','12:13:00',32,29,22,'Available'),
(1289,'2024-01-29 17:00:00','08:38:00',5,6,14,'Available'),
(1290,'2024-01-23 19:30:00','05:08:00',23,21,5,'Available'),
(1291,'2024-01-04 22:20:00','06:07:00',6,28,18,'Available'),
(1292,'2024-01-11 20:00:00','05:14:00',6,12,12,'Available'),
(1293,'2024-01-10 09:30:00','05:45:00',25,12,5,'Available'),
(1294,'2024-01-15 18:50:00','01:53:00',21,9,30,'Available'),
(1295,'2024-01-20 06:20:00','07:13:00',8,13,8,'Available'),
(1296,'2024-01-29 12:30:00','07:22:00',16,23,26,'Available'),
(1297,'2024-01-24 19:10:00','05:41:00',5,27,17,'Available'),
(1298,'2024-01-09 07:30:00','04:36:00',32,16,20,'Available'),
(1299,'2024-01-18 17:40:00','01:50:00',25,8,14,'Available'),
(1300,'2024-01-18 20:30:00','04:31:00',9,23,8,'Available');
/*!40000 ALTER TABLE `flights` ENABLE KEYS */;
UNLOCK TABLES;

--
-- Table structure for table `migration`
--

DROP TABLE IF EXISTS `migration`;
/*!40101 SET @saved_cs_client     = @@character_set_client */;
/*!40101 SET character_set_client = utf8 */;
CREATE TABLE `migration` (
  `version` varchar(180) NOT NULL,
  `apply_time` int(11) DEFAULT NULL,
  PRIMARY KEY (`version`)
) ENGINE=InnoDB DEFAULT CHARSET=utf8mb4 COLLATE=utf8mb4_unicode_ci;
/*!40101 SET character_set_client = @saved_cs_client */;

--
-- Dumping data for table `migration`
--

LOCK TABLES `migration` WRITE;
/*!40000 ALTER TABLE `migration` DISABLE KEYS */;
INSERT INTO `migration` VALUES
('m000000_000000_base',1666799296),
('m130524_201442_init',1666799298),
('m140506_102106_rbac_init',1670254797),
('m170907_052038_rbac_add_index_on_auth_assignment_user_id',1670254797),
('m180523_151638_rbac_updates_indexes_without_prefix',1670254797),
('m190124_110200_add_verification_token_column_to_user_table',1666799298),
('m200409_110543_rbac_update_mssql_trigger',1670254797);
/*!40000 ALTER TABLE `migration` ENABLE KEYS */;
UNLOCK TABLES;

--
-- Table structure for table `receipts`
--

DROP TABLE IF EXISTS `receipts`;
/*!40101 SET @saved_cs_client     = @@character_set_client */;
/*!40101 SET character_set_client = utf8 */;
CREATE TABLE `receipts` (
  `id` int(11) NOT NULL AUTO_INCREMENT,
  `purchaseDate` datetime NOT NULL,
  `total` double(10,2) NOT NULL,
  `status` enum('Complete','Pending','Refunded') DEFAULT NULL,
  `client_id` int(11) NOT NULL,
  PRIMARY KEY (`id`),
  KEY `fk_clientTicket_id` (`client_id`),
  CONSTRAINT `fk_clientReceipt_id` FOREIGN KEY (`client_id`) REFERENCES `clients` (`user_id`)
) ENGINE=InnoDB AUTO_INCREMENT=2 DEFAULT CHARSET=latin1 COLLATE=latin1_swedish_ci;
/*!40101 SET character_set_client = @saved_cs_client */;

--
-- Dumping data for table `receipts`
--

LOCK TABLES `receipts` WRITE;
/*!40000 ALTER TABLE `receipts` DISABLE KEYS */;
/*!40000 ALTER TABLE `receipts` ENABLE KEYS */;
UNLOCK TABLES;

--
-- Table structure for table `refund`
--

DROP TABLE IF EXISTS `refund`;
/*!40101 SET @saved_cs_client     = @@character_set_client */;
/*!40101 SET character_set_client = utf8 */;
CREATE TABLE `refund` (
  `id` int(11) NOT NULL AUTO_INCREMENT,
  `status` enum('Accepted','Declined','Ongoing','Canceled') NOT NULL DEFAULT 'Ongoing',
  `requestDate` datetime NOT NULL,
  `decisionDate` datetime DEFAULT NULL,
  `receipt_id` int(11) NOT NULL,
  PRIMARY KEY (`id`),
  KEY `fk_receiptRefund_id` (`receipt_id`),
  CONSTRAINT `fk_receiptRefund_id` FOREIGN KEY (`receipt_id`) REFERENCES `receipt` (`id`)
) ENGINE=InnoDB DEFAULT CHARSET=latin1 COLLATE=latin1_swedish_ci;
/*!40101 SET character_set_client = @saved_cs_client */;

--
-- Dumping data for table `refund`
--

LOCK TABLES `refund` WRITE;
/*!40000 ALTER TABLE `refund` DISABLE KEYS */;
/*!40000 ALTER TABLE `refund` ENABLE KEYS */;
UNLOCK TABLES;

--
-- Table structure for table `refund_employee`
--

DROP TABLE IF EXISTS `refund_employee`;
/*!40101 SET @saved_cs_client     = @@character_set_client */;
/*!40101 SET character_set_client = utf8 */;
CREATE TABLE `refund_employee` (
  `refund_id` int(11) NOT NULL,
  `employee_id` int(11) NOT NULL,
  PRIMARY KEY (`refund_id`),
  KEY `fk_refundEmployee_id` (`employee_id`),
  CONSTRAINT `fk_refundEmployee_id` FOREIGN KEY (`employee_id`) REFERENCES `user` (`id`),
  CONSTRAINT `fk_refund_id` FOREIGN KEY (`refund_id`) REFERENCES `refund` (`id`)
) ENGINE=InnoDB DEFAULT CHARSET=latin1 COLLATE=latin1_swedish_ci;
/*!40101 SET character_set_client = @saved_cs_client */;

--
-- Dumping data for table `refund_employee`
--

LOCK TABLES `refund_employee` WRITE;
/*!40000 ALTER TABLE `refund_employee` DISABLE KEYS */;
/*!40000 ALTER TABLE `refund_employee` ENABLE KEYS */;
UNLOCK TABLES;

--
-- Table structure for table `tariffs`
--

DROP TABLE IF EXISTS `tariffs`;
/*!40101 SET @saved_cs_client     = @@character_set_client */;
/*!40101 SET character_set_client = utf8 */;
CREATE TABLE `tariffs` (
  `id` int(11) NOT NULL AUTO_INCREMENT,
  `startDate` datetime NOT NULL,
  `economicPrice` double(10,2) NOT NULL,
  `normalPrice` double(10,2) NOT NULL,
  `luxuryPrice` double(10,2) NOT NULL,
  `flight_id` int(11) NOT NULL,
  `active` tinyint(1) NOT NULL,
  PRIMARY KEY (`id`),
  KEY `fk_flightTariff_id` (`flight_id`),
  CONSTRAINT `fk_flightTariff_id` FOREIGN KEY (`flight_id`) REFERENCES `flights` (`id`)
) ENGINE=InnoDB AUTO_INCREMENT=1302 DEFAULT CHARSET=latin1 COLLATE=latin1_swedish_ci;
/*!40101 SET character_set_client = @saved_cs_client */;

--
-- Dumping data for table `tariffs`
--

LOCK TABLES `tariffs` WRITE;
/*!40000 ALTER TABLE `tariffs` DISABLE KEYS */;
INSERT INTO `tariffs` VALUES
(2,'2023-01-08 02:30:04',38.06,50.75,63.43,1,1),
(3,'2023-01-08 02:30:04',53.13,70.85,88.56,2,1),
(4,'2023-01-08 02:30:04',36.42,48.57,60.71,3,1),
(5,'2023-01-08 02:30:04',38.00,50.67,63.33,4,1),
(6,'2023-01-08 02:30:04',48.58,64.77,80.96,5,1),
(7,'2023-01-08 02:30:04',47.95,63.93,79.92,6,1),
(8,'2023-01-08 02:30:04',28.55,38.07,47.58,7,1),
(9,'2023-01-08 02:30:04',39.15,52.20,65.25,8,1),
(10,'2023-01-08 02:30:04',53.75,71.67,89.59,9,1),
(11,'2023-01-08 02:30:04',56.06,74.75,93.43,10,1),
(12,'2023-01-08 02:30:04',26.98,35.97,44.96,11,1),
(13,'2023-01-08 02:30:04',32.15,42.87,53.59,12,1),
(14,'2023-01-08 02:30:04',61.63,82.17,102.71,13,1),
(15,'2023-01-08 02:30:04',59.65,79.53,99.41,14,1),
(16,'2023-01-08 02:30:04',52.85,70.47,88.09,15,1),
(17,'2023-01-08 02:30:04',46.35,61.80,77.25,16,1),
(18,'2023-01-08 02:30:04',31.03,41.37,51.71,17,1),
(19,'2023-01-08 02:30:04',32.55,43.40,54.25,18,1),
(20,'2023-01-08 02:30:04',52.91,70.55,88.18,19,1),
(21,'2023-01-08 02:30:04',46.73,62.30,77.88,20,1),
(22,'2023-01-08 02:30:04',52.67,70.23,87.79,21,1),
(23,'2023-01-08 02:30:04',42.73,56.97,71.21,22,1),
(24,'2023-01-08 02:30:04',57.63,76.85,96.06,23,1),
(25,'2023-01-08 02:30:04',35.83,47.78,59.72,24,1),
(26,'2023-01-08 02:30:04',30.58,40.77,50.96,25,1),
(27,'2023-01-08 02:30:04',30.82,41.10,51.37,26,1),
(28,'2023-01-08 02:30:04',35.52,47.37,59.21,27,1),
(29,'2023-01-08 02:30:04',28.33,37.77,47.21,28,1),
(30,'2023-01-08 02:30:04',44.30,59.07,73.83,29,1),
(31,'2023-01-08 02:30:04',39.08,52.10,65.12,30,1),
(32,'2023-01-08 02:30:04',43.40,57.87,72.33,31,1),
(33,'2023-01-08 02:30:04',45.65,60.87,76.08,32,1),
(34,'2023-01-08 02:30:05',51.56,68.75,85.93,33,1),
(35,'2023-01-08 02:30:05',40.25,53.67,67.09,34,1),
(36,'2023-01-08 02:30:05',42.13,56.18,70.22,35,1),
(37,'2023-01-08 02:30:05',62.36,83.15,103.93,36,1),
(38,'2023-01-08 02:30:05',45.71,60.95,76.18,37,1),
(39,'2023-01-08 02:30:05',42.73,56.97,71.21,38,1),
(40,'2023-01-08 02:30:05',56.67,75.57,94.46,39,1),
(41,'2023-01-08 02:30:05',39.62,52.83,66.04,40,1),
(42,'2023-01-08 02:30:05',37.63,50.18,62.72,41,1),
(43,'2023-01-08 02:30:05',34.85,46.47,58.08,42,1),
(44,'2023-01-08 02:30:05',52.52,70.03,87.53,43,1),
(45,'2023-01-08 02:30:05',51.10,68.13,85.17,44,1),
(46,'2023-01-08 02:30:05',44.98,59.97,74.96,45,1),
(47,'2023-01-08 02:30:05',44.61,59.48,74.35,46,1),
(48,'2023-01-08 02:30:05',45.67,60.90,76.12,47,1),
(49,'2023-01-08 02:30:05',33.73,44.97,56.21,48,1),
(50,'2023-01-08 02:30:05',41.42,55.23,69.04,49,1),
(51,'2023-01-08 02:30:05',31.31,41.75,52.18,50,1),
(52,'2023-01-08 02:30:05',42.10,56.13,70.16,51,1),
(53,'2023-01-08 02:30:05',63.64,84.85,106.06,52,1),
(54,'2023-01-08 02:30:05',48.66,64.88,81.10,53,1),
(55,'2023-01-08 02:30:05',46.83,62.45,78.06,54,1),
(56,'2023-01-08 02:30:05',55.33,73.77,92.21,55,1),
(57,'2023-01-08 02:30:05',38.67,51.57,64.46,56,1),
(58,'2023-01-08 02:30:05',54.83,73.10,91.38,57,1),
(59,'2023-01-08 02:30:05',50.83,67.77,84.71,58,1),
(60,'2023-01-08 02:30:05',30.41,40.55,50.68,59,1),
(61,'2023-01-08 02:30:05',50.04,66.72,83.41,60,1),
(62,'2023-01-08 02:30:05',35.87,47.83,59.78,61,1),
(63,'2023-01-08 02:30:05',40.02,53.37,66.71,62,1),
(64,'2023-01-08 02:30:05',57.35,76.47,95.58,63,1),
(65,'2023-01-08 02:30:05',36.43,48.57,60.71,64,1),
(66,'2023-01-08 02:30:05',41.15,54.87,68.58,65,1),
(67,'2023-01-08 02:30:05',47.45,63.27,79.09,66,1),
(68,'2023-01-08 02:30:05',44.08,58.77,73.46,67,1),
(69,'2023-01-08 02:30:05',48.80,65.07,81.34,68,1),
(70,'2023-01-08 02:30:05',53.30,71.07,88.83,69,1),
(71,'2023-01-08 02:30:05',53.53,71.37,89.21,70,1),
(72,'2023-01-08 02:30:05',43.42,57.90,72.37,71,1),
(73,'2023-01-08 02:30:05',42.75,57.00,71.25,72,1),
(74,'2023-01-08 02:30:05',46.78,62.37,77.96,73,1),
(75,'2023-01-08 02:30:05',31.93,42.57,53.21,74,1),
(76,'2023-01-08 02:30:05',58.03,77.37,96.71,75,1),
(77,'2023-01-08 02:30:05',30.80,41.07,51.33,76,1),
(78,'2023-01-08 02:30:05',53.98,71.97,89.96,77,1),
(79,'2023-01-08 02:30:05',61.03,81.38,101.72,78,1),
(80,'2023-01-08 02:30:05',53.77,71.70,89.62,79,1),
(81,'2023-01-08 02:30:05',45.65,60.87,76.08,80,1),
(82,'2023-01-08 02:30:05',63.93,85.25,106.56,81,1),
(83,'2023-01-08 02:30:05',39.58,52.77,65.96,82,1),
(84,'2023-01-08 02:30:05',52.40,69.87,87.34,83,1),
(85,'2023-01-08 02:30:05',61.46,81.95,102.43,84,1),
(86,'2023-01-08 02:30:05',37.57,50.10,62.62,85,1),
(87,'2023-01-08 02:30:05',29.45,39.27,49.08,86,1),
(88,'2023-01-08 02:30:05',53.13,70.85,88.56,87,1),
(89,'2023-01-08 02:30:05',38.57,51.42,64.28,88,1),
(90,'2023-01-08 02:30:05',54.41,72.55,90.69,89,1),
(91,'2023-01-08 02:30:05',42.50,56.67,70.83,90,1),
(92,'2023-01-08 02:30:05',30.35,40.47,50.58,91,1),
(93,'2023-01-08 02:30:05',47.90,63.87,79.83,92,1),
(94,'2023-01-08 02:30:05',39.82,53.10,66.37,93,1),
(95,'2023-01-08 02:30:05',50.27,67.03,83.78,94,1),
(96,'2023-01-08 02:30:05',42.27,56.37,70.46,95,1),
(97,'2023-01-08 02:30:05',30.12,40.17,50.21,96,1),
(98,'2023-01-08 02:30:05',33.36,44.48,55.60,97,1),
(99,'2023-01-08 02:30:05',37.10,49.47,61.84,98,1),
(100,'2023-01-08 02:30:05',37.35,49.80,62.25,99,1),
(101,'2023-01-08 02:30:05',46.77,62.37,77.96,100,1),
(102,'2023-01-08 02:30:05',58.93,78.57,98.21,101,1),
(103,'2023-01-08 02:30:05',55.83,74.45,93.06,102,1),
(104,'2023-01-08 02:30:05',44.53,59.37,74.21,103,1),
(105,'2023-01-08 02:30:05',36.06,48.08,60.10,104,1),
(106,'2023-01-08 02:30:05',46.10,61.47,76.83,105,1),
(107,'2023-01-08 02:30:05',44.81,59.75,74.68,106,1),
(108,'2023-01-08 02:30:05',46.10,61.47,76.83,107,1),
(109,'2023-01-08 02:30:05',47.45,63.27,79.09,108,1),
(110,'2023-01-08 02:30:05',36.65,48.87,61.08,109,1),
(111,'2023-01-08 02:30:05',43.39,57.85,72.31,110,1),
(112,'2023-01-08 02:30:05',27.88,37.17,46.46,111,1),
(113,'2023-01-08 02:30:05',62.98,83.97,104.96,112,1),
(114,'2023-01-08 02:30:05',42.26,56.35,70.44,113,1),
(115,'2023-01-08 02:30:05',53.75,71.67,89.59,114,1),
(116,'2023-01-08 02:30:05',47.23,62.97,78.71,115,1),
(117,'2023-01-08 02:30:05',38.00,50.67,63.34,116,1),
(118,'2023-01-08 02:30:05',52.01,69.35,86.68,117,1),
(119,'2023-01-08 02:30:05',63.65,84.87,106.08,118,1),
(120,'2023-01-08 02:30:05',53.58,71.45,89.31,119,1),
(121,'2023-01-08 02:30:05',48.80,65.07,81.34,120,1),
(122,'2023-01-08 02:30:05',42.95,57.27,71.59,121,1),
(123,'2023-01-08 02:30:05',57.86,77.15,96.43,122,1),
(124,'2023-01-08 02:30:05',63.26,84.35,105.43,123,1),
(125,'2023-01-08 02:30:05',47.23,62.97,78.71,124,1),
(126,'2023-01-08 02:30:05',53.98,71.97,89.96,125,1),
(127,'2023-01-08 02:30:05',53.75,71.67,89.58,126,1),
(128,'2023-01-08 02:30:05',37.16,49.55,61.93,127,1),
(129,'2023-01-08 02:30:05',28.55,38.07,47.59,128,1),
(130,'2023-01-08 02:30:05',55.16,73.55,91.93,129,1),
(131,'2023-01-08 02:30:05',46.77,62.37,77.96,130,1),
(132,'2023-01-08 02:30:05',37.35,49.80,62.25,131,1),
(133,'2023-01-08 02:30:05',58.05,77.40,96.75,132,1),
(134,'2023-01-08 02:30:05',50.83,67.77,84.71,133,1),
(135,'2023-01-08 02:30:05',35.16,46.88,58.60,134,1),
(136,'2023-01-08 02:30:05',36.96,49.28,61.60,135,1),
(137,'2023-01-08 02:30:05',54.03,72.05,90.06,136,1),
(138,'2023-01-08 02:30:05',53.38,71.18,88.97,137,1),
(139,'2023-01-08 02:30:05',35.98,47.97,59.96,138,1),
(140,'2023-01-08 02:30:05',37.80,50.40,63.00,139,1),
(141,'2023-01-08 02:30:05',40.95,54.60,68.25,140,1),
(142,'2023-01-08 02:30:05',48.15,64.20,80.25,141,1),
(143,'2023-01-08 02:30:05',62.53,83.37,104.21,142,1),
(144,'2023-01-08 02:30:05',47.51,63.35,79.18,143,1),
(145,'2023-01-08 02:30:05',54.20,72.27,90.34,144,1),
(146,'2023-01-08 02:30:05',54.71,72.95,91.18,145,1),
(147,'2023-01-08 02:30:05',46.35,61.80,77.25,146,1),
(148,'2023-01-08 02:30:05',44.36,59.15,73.93,147,1),
(149,'2023-01-08 02:30:05',50.65,67.53,84.41,148,1),
(150,'2023-01-08 02:30:05',49.91,66.55,83.19,149,1),
(151,'2023-01-08 02:30:05',37.83,50.45,63.06,150,1),
(152,'2023-01-08 02:30:05',55.16,73.55,91.93,151,1),
(153,'2023-01-08 02:30:05',52.40,69.87,87.34,152,1),
(154,'2023-01-08 02:30:05',55.37,73.83,92.29,153,1),
(155,'2023-01-08 02:30:05',58.11,77.48,96.85,154,1),
(156,'2023-01-08 02:30:05',44.96,59.95,74.94,155,1),
(157,'2023-01-08 02:30:05',58.93,78.57,98.21,156,1),
(158,'2023-01-08 02:30:05',45.48,60.63,75.79,157,1),
(159,'2023-01-08 02:30:05',42.13,56.18,70.22,158,1),
(160,'2023-01-08 02:30:05',47.89,63.85,79.81,159,1),
(161,'2023-01-08 02:30:05',48.13,64.17,80.21,160,1),
(162,'2023-01-08 02:30:05',34.63,46.17,57.71,161,1),
(163,'2023-01-08 02:30:05',39.58,52.77,65.96,162,1),
(164,'2023-01-08 02:30:05',61.63,82.17,102.71,163,1),
(165,'2023-01-08 02:30:05',49.72,66.30,82.87,164,1),
(166,'2023-01-08 02:30:05',43.63,58.17,72.71,165,1),
(167,'2023-01-08 02:30:05',38.67,51.57,64.46,166,1),
(168,'2023-01-08 02:30:05',40.48,53.97,67.46,167,1),
(169,'2023-01-08 02:30:05',38.68,51.57,64.46,168,1),
(170,'2023-01-08 02:30:05',54.20,72.27,90.33,169,1),
(171,'2023-01-08 02:30:05',53.30,71.07,88.83,170,1),
(172,'2023-01-08 02:30:05',48.35,64.47,80.58,171,1),
(173,'2023-01-08 02:30:05',39.58,52.77,65.96,172,1),
(174,'2023-01-08 02:30:05',42.97,57.30,71.62,173,1),
(175,'2023-01-08 02:30:05',47.23,62.97,78.71,174,1),
(176,'2023-01-08 02:30:05',54.00,72.00,90.00,175,1),
(177,'2023-01-08 02:30:05',45.20,60.27,75.34,176,1),
(178,'2023-01-08 02:30:05',58.27,77.70,97.12,177,1),
(179,'2023-01-08 02:30:05',41.83,55.77,69.71,178,1),
(180,'2023-01-08 02:30:05',38.90,51.87,64.83,179,1),
(181,'2023-01-08 02:30:05',45.43,60.57,75.71,180,1),
(182,'2023-01-08 02:30:05',38.98,51.98,64.97,181,1),
(183,'2023-01-08 02:30:05',37.55,50.07,62.58,182,1),
(184,'2023-01-08 02:30:05',36.88,49.17,61.46,183,1),
(185,'2023-01-08 02:30:05',32.40,43.20,54.00,184,1),
(186,'2023-01-08 02:30:05',31.93,42.57,53.21,185,1),
(187,'2023-01-08 02:30:05',42.32,56.43,70.54,186,1),
(188,'2023-01-08 02:30:05',38.47,51.30,64.12,187,1),
(189,'2023-01-08 02:30:05',42.27,56.37,70.46,188,1),
(190,'2023-01-08 02:30:05',45.71,60.95,76.18,189,1),
(191,'2023-01-08 02:30:05',62.36,83.15,103.93,190,1),
(192,'2023-01-08 02:30:05',51.27,68.37,85.46,191,1),
(193,'2023-01-08 02:30:05',49.76,66.35,82.93,192,1),
(194,'2023-01-08 02:30:05',29.68,39.57,49.46,193,1),
(195,'2023-01-08 02:30:05',51.73,68.97,86.21,194,1),
(196,'2023-01-08 02:30:05',57.21,76.28,95.35,195,1),
(197,'2023-01-08 02:30:05',38.53,51.38,64.22,196,1),
(198,'2023-01-08 02:30:05',67.52,90.03,112.54,197,1),
(199,'2023-01-08 02:30:05',35.80,47.73,59.66,198,1),
(200,'2023-01-08 02:30:05',40.48,53.97,67.46,199,1),
(201,'2023-01-08 02:30:05',50.48,67.31,84.14,200,1),
(202,'2023-01-08 02:35:37',39.17,52.23,65.29,201,1),
(203,'2023-01-08 02:35:37',49.93,66.57,83.21,202,1),
(204,'2023-01-08 02:35:37',49.98,66.65,83.31,203,1),
(205,'2023-01-08 02:35:37',46.63,62.18,77.72,204,1),
(206,'2023-01-08 02:35:37',45.93,61.25,76.56,205,1),
(207,'2023-01-08 02:35:37',26.98,35.97,44.96,206,1),
(208,'2023-01-08 02:35:37',63.26,84.35,105.43,207,1),
(209,'2023-01-08 02:35:37',39.80,53.07,66.33,208,1),
(210,'2023-01-08 02:35:37',52.62,70.17,87.71,209,1),
(211,'2023-01-08 02:35:37',31.08,41.45,51.81,210,1),
(212,'2023-01-08 02:35:37',52.93,70.58,88.22,211,1),
(213,'2023-01-08 02:35:37',46.78,62.37,77.96,212,1),
(214,'2023-01-08 02:35:37',53.29,71.05,88.81,213,1),
(215,'2023-01-08 02:35:37',46.10,61.47,76.83,214,1),
(216,'2023-01-08 02:35:37',45.53,60.71,75.89,215,1),
(217,'2023-01-08 02:35:37',54.70,72.93,91.17,216,1),
(218,'2023-01-08 02:35:37',57.62,76.83,96.04,217,1),
(219,'2023-01-08 02:35:37',55.50,74.00,92.50,218,1),
(220,'2023-01-08 02:35:37',58.03,77.37,96.71,219,1),
(221,'2023-01-08 02:35:37',44.08,58.77,73.46,220,1),
(222,'2023-01-08 02:35:37',29.90,39.87,49.84,221,1),
(223,'2023-01-08 02:35:37',38.47,51.30,64.12,222,1),
(224,'2023-01-08 02:35:37',45.26,60.35,75.43,223,1),
(225,'2023-01-08 02:35:37',55.57,74.10,92.62,224,1),
(226,'2023-01-08 02:35:37',41.91,55.88,69.85,225,1),
(227,'2023-01-08 02:35:37',28.88,38.51,48.14,226,1),
(228,'2023-01-08 02:35:37',42.11,56.15,70.18,227,1),
(229,'2023-01-08 02:35:37',40.95,54.60,68.25,228,1),
(230,'2023-01-08 02:35:37',45.25,60.33,75.42,229,1),
(231,'2023-01-08 02:35:37',32.40,43.20,54.00,230,1),
(232,'2023-01-08 02:35:37',49.70,66.27,82.84,231,1),
(233,'2023-01-08 02:35:37',49.70,66.27,82.83,232,1),
(234,'2023-01-08 02:35:37',52.40,69.87,87.34,233,1),
(235,'2023-01-08 02:35:37',32.83,43.77,54.71,234,1),
(236,'2023-01-08 02:35:37',29.05,38.73,48.42,235,1),
(237,'2023-01-08 02:35:37',54.70,72.93,91.16,236,1),
(238,'2023-01-08 02:35:37',35.61,47.48,59.35,237,1),
(239,'2023-01-08 02:35:37',42.50,56.67,70.83,238,1),
(240,'2023-01-08 02:35:37',52.71,70.28,87.85,239,1),
(241,'2023-01-08 02:35:37',46.18,61.58,76.97,240,1),
(242,'2023-01-08 02:35:37',39.13,52.17,65.21,241,1),
(243,'2023-01-08 02:35:37',41.83,55.77,69.71,242,1),
(244,'2023-01-08 02:35:37',41.91,55.88,69.85,243,1),
(245,'2023-01-08 02:35:37',47.96,63.95,79.93,244,1),
(246,'2023-01-08 02:35:37',36.71,48.95,61.18,245,1),
(247,'2023-01-08 02:35:37',49.70,66.27,82.84,246,1),
(248,'2023-01-08 02:35:37',62.98,83.97,104.96,247,1),
(249,'2023-01-08 02:35:37',46.83,62.45,78.06,248,1),
(250,'2023-01-08 02:35:37',65.45,87.27,109.09,249,1),
(251,'2023-01-08 02:35:37',46.38,61.85,77.31,250,1),
(252,'2023-01-08 02:35:37',44.75,59.67,74.59,251,1),
(253,'2023-01-08 02:35:37',37.10,49.47,61.84,252,1),
(254,'2023-01-08 02:35:37',43.91,58.55,73.18,253,1),
(255,'2023-01-08 02:35:37',36.28,48.38,60.47,254,1),
(256,'2023-01-08 02:35:37',54.03,72.05,90.06,255,1),
(257,'2023-01-08 02:35:37',53.58,71.43,89.29,256,1),
(258,'2023-01-08 02:35:37',42.95,57.27,71.58,257,1),
(259,'2023-01-08 02:35:37',56.23,74.97,93.71,258,1),
(260,'2023-01-08 02:35:37',48.37,64.50,80.62,259,1),
(261,'2023-01-08 02:35:37',51.33,68.45,85.56,260,1),
(262,'2023-01-08 02:35:37',50.87,67.83,84.79,261,1),
(263,'2023-01-08 02:35:37',34.01,45.35,56.68,262,1),
(264,'2023-01-08 02:35:37',56.53,75.38,94.22,263,1),
(265,'2023-01-08 02:35:37',51.56,68.75,85.93,264,1),
(266,'2023-01-08 02:35:37',52.97,70.62,88.28,265,1),
(267,'2023-01-08 02:35:37',30.18,40.25,50.31,266,1),
(268,'2023-01-08 02:35:37',31.07,41.43,51.79,267,1),
(269,'2023-01-08 02:35:37',49.37,65.83,82.28,268,1),
(270,'2023-01-08 02:35:37',53.61,71.48,89.35,269,1),
(271,'2023-01-08 02:35:37',43.35,57.80,72.25,270,1),
(272,'2023-01-08 02:35:37',48.41,64.55,80.68,271,1),
(273,'2023-01-08 02:35:37',38.08,50.78,63.47,272,1),
(274,'2023-01-08 02:35:37',55.44,73.92,92.41,273,1),
(275,'2023-01-08 02:35:37',38.27,51.03,63.79,274,1),
(276,'2023-01-08 02:35:37',47.47,63.30,79.12,275,1),
(277,'2023-01-08 02:35:37',39.13,52.17,65.21,276,1),
(278,'2023-01-08 02:35:38',36.93,49.25,61.56,277,1),
(279,'2023-01-08 02:35:38',36.70,48.93,61.17,278,1),
(280,'2023-01-08 02:35:38',47.06,62.75,78.43,279,1),
(281,'2023-01-08 02:35:38',45.22,60.30,75.37,280,1),
(282,'2023-01-08 02:35:38',37.50,50.00,62.50,281,1),
(283,'2023-01-08 02:35:38',49.93,66.57,83.21,282,1),
(284,'2023-01-08 02:35:38',49.25,65.67,82.09,283,1),
(285,'2023-01-08 02:35:38',43.62,58.17,72.71,284,1),
(286,'2023-01-08 02:35:38',40.07,53.43,66.79,285,1),
(287,'2023-01-08 02:35:38',45.90,61.20,76.50,286,1),
(288,'2023-01-08 02:35:38',29.45,39.27,49.08,287,1),
(289,'2023-01-08 02:35:38',48.35,64.47,80.58,288,1),
(290,'2023-01-08 02:35:38',46.10,61.47,76.84,289,1),
(291,'2023-01-08 02:35:38',56.40,75.20,94.00,290,1),
(292,'2023-01-08 02:35:38',38.96,51.95,64.93,291,1),
(293,'2023-01-08 02:35:38',52.65,70.20,87.75,292,1),
(294,'2023-01-08 02:35:38',66.58,88.77,110.96,293,1),
(295,'2023-01-08 02:35:38',58.25,77.67,97.08,294,1),
(296,'2023-01-08 02:35:38',43.23,57.65,72.06,295,1),
(297,'2023-01-08 02:35:38',50.15,66.87,83.58,296,1),
(298,'2023-01-08 02:35:38',38.57,51.42,64.28,297,1),
(299,'2023-01-08 02:35:38',46.12,61.50,76.87,298,1),
(300,'2023-01-08 02:35:38',44.38,59.18,73.97,299,1),
(301,'2023-01-08 02:35:38',43.28,57.71,72.14,300,1),
(302,'2023-01-08 02:35:38',46.83,62.45,78.06,301,1),
(303,'2023-01-08 02:35:38',50.15,66.87,83.58,302,1),
(304,'2023-01-08 02:35:38',51.50,68.67,85.83,303,1),
(305,'2023-01-08 02:35:38',40.27,53.70,67.12,304,1),
(306,'2023-01-08 02:35:38',61.45,81.93,102.42,305,1),
(307,'2023-01-08 02:35:38',48.12,64.17,80.21,306,1),
(308,'2023-01-08 02:35:38',45.20,60.27,75.33,307,1),
(309,'2023-01-08 02:35:38',38.62,51.50,64.38,308,1),
(310,'2023-01-08 02:35:38',34.68,46.25,57.81,309,1),
(311,'2023-01-08 02:35:38',49.48,65.97,82.46,310,1),
(312,'2023-01-08 02:35:38',50.20,66.93,83.67,311,1),
(313,'2023-01-08 02:35:38',48.80,65.07,81.34,312,1),
(314,'2023-01-08 02:35:38',33.77,45.03,56.29,313,1),
(315,'2023-01-08 02:35:38',42.05,56.07,70.09,314,1),
(316,'2023-01-08 02:35:38',39.37,52.50,65.62,315,1),
(317,'2023-01-08 02:35:38',38.67,51.57,64.46,316,1),
(318,'2023-01-08 02:35:38',49.70,66.27,82.83,317,1),
(319,'2023-01-08 02:35:38',62.12,82.83,103.54,318,1),
(320,'2023-01-08 02:35:38',42.07,56.10,70.12,319,1),
(321,'2023-01-08 02:35:38',42.50,56.67,70.84,320,1),
(322,'2023-01-08 02:35:38',35.13,46.85,58.56,321,1),
(323,'2023-01-08 02:35:38',38.51,51.35,64.18,322,1),
(324,'2023-01-08 02:35:38',35.32,47.10,58.87,323,1),
(325,'2023-01-08 02:35:38',50.15,66.87,83.58,324,1),
(326,'2023-01-08 02:35:38',39.46,52.61,65.76,325,1),
(327,'2023-01-08 02:35:38',29.45,39.27,49.08,326,1),
(328,'2023-01-08 02:35:38',51.05,68.07,85.08,327,1),
(329,'2023-01-08 02:35:38',34.93,46.58,58.22,328,1),
(330,'2023-01-08 02:35:38',62.36,83.15,103.93,329,1),
(331,'2023-01-08 02:35:38',36.83,49.10,61.38,330,1),
(332,'2023-01-08 02:35:38',43.03,57.38,71.72,331,1),
(333,'2023-01-08 02:35:38',35.08,46.77,58.46,332,1),
(334,'2023-01-08 02:35:38',43.18,57.57,71.96,333,1),
(335,'2023-01-08 02:35:38',50.83,67.77,84.71,334,1),
(336,'2023-01-08 02:35:38',50.15,66.87,83.58,335,1),
(337,'2023-01-08 02:35:38',32.83,43.77,54.71,336,1),
(338,'2023-01-08 02:35:38',44.98,59.97,74.96,337,1),
(339,'2023-01-08 02:35:38',43.87,58.50,73.12,338,1),
(340,'2023-01-08 02:35:38',45.65,60.87,76.08,339,1),
(341,'2023-01-08 02:35:38',36.43,48.57,60.71,340,1),
(342,'2023-01-08 02:35:38',37.95,50.60,63.25,341,1),
(343,'2023-01-08 02:35:38',63.26,84.35,105.43,342,1),
(344,'2023-01-08 02:35:38',29.47,39.30,49.12,343,1),
(345,'2023-01-08 02:35:38',28.38,37.83,47.29,344,1),
(346,'2023-01-08 02:35:38',45.42,60.57,75.71,345,1),
(347,'2023-01-08 02:35:38',38.23,50.97,63.71,346,1),
(348,'2023-01-08 02:35:38',55.55,74.07,92.58,347,1),
(349,'2023-01-08 02:35:38',55.57,74.10,92.62,348,1),
(350,'2023-01-08 02:35:38',45.88,61.17,76.46,349,1),
(351,'2023-01-08 02:35:38',37.43,49.91,62.39,350,1),
(352,'2023-01-08 02:35:38',35.98,47.97,59.96,351,1),
(353,'2023-01-08 02:35:38',41.93,55.91,69.89,352,1),
(354,'2023-01-08 02:35:38',57.80,77.07,96.34,353,1),
(355,'2023-01-08 02:35:38',39.17,52.23,65.29,354,1),
(356,'2023-01-08 02:35:38',44.80,59.73,74.66,355,1),
(357,'2023-01-08 02:35:38',42.56,56.75,70.93,356,1),
(358,'2023-01-08 02:35:38',49.25,65.67,82.09,357,1),
(359,'2023-01-08 02:35:38',43.40,57.87,72.33,358,1),
(360,'2023-01-08 02:35:38',53.13,70.85,88.56,359,1),
(361,'2023-01-08 02:35:38',47.06,62.75,78.43,360,1),
(362,'2023-01-08 02:35:38',39.35,52.47,65.58,361,1),
(363,'2023-01-08 02:35:38',39.80,53.07,66.33,362,1),
(364,'2023-01-08 02:35:38',53.12,70.83,88.54,363,1),
(365,'2023-01-08 02:35:38',42.26,56.35,70.44,364,1),
(366,'2023-01-08 02:35:38',37.78,50.37,62.96,365,1),
(367,'2023-01-08 02:35:38',36.88,49.17,61.46,366,1),
(368,'2023-01-08 02:35:38',51.07,68.10,85.12,367,1),
(369,'2023-01-08 02:35:38',50.43,67.25,84.06,368,1),
(370,'2023-01-08 02:35:38',36.48,48.65,60.81,369,1),
(371,'2023-01-08 02:35:38',39.11,52.15,65.19,370,1),
(372,'2023-01-08 02:35:38',55.78,74.37,92.96,371,1),
(373,'2023-01-08 02:35:38',43.90,58.53,73.16,372,1),
(374,'2023-01-08 02:35:38',50.38,67.17,83.96,373,1),
(375,'2023-01-08 02:35:38',35.75,47.67,59.58,374,1),
(376,'2023-01-08 02:35:38',49.03,65.37,81.71,375,1),
(377,'2023-01-08 02:35:38',46.33,61.77,77.21,376,1),
(378,'2023-01-08 02:35:38',42.75,57.00,71.25,377,1),
(379,'2023-01-08 02:35:38',37.12,49.50,61.87,378,1),
(380,'2023-01-08 02:35:38',42.10,56.13,70.16,379,1),
(381,'2023-01-08 02:35:38',44.30,59.07,73.83,380,1),
(382,'2023-01-08 02:35:38',42.58,56.78,70.97,381,1),
(383,'2023-01-08 02:35:38',58.48,77.97,97.46,382,1),
(384,'2023-01-08 02:35:38',48.21,64.28,80.35,383,1),
(385,'2023-01-08 02:35:38',42.56,56.75,70.93,384,1),
(386,'2023-01-08 02:35:38',62.55,83.40,104.25,385,1),
(387,'2023-01-08 02:35:38',51.58,68.78,85.97,386,1),
(388,'2023-01-08 02:35:38',34.63,46.17,57.71,387,1),
(389,'2023-01-08 02:35:38',47.23,62.97,78.71,388,1),
(390,'2023-01-08 02:35:38',44.57,59.43,74.29,389,1),
(391,'2023-01-08 02:35:38',53.08,70.77,88.46,390,1),
(392,'2023-01-08 02:35:38',37.31,49.75,62.19,391,1),
(393,'2023-01-08 02:35:38',59.88,79.83,99.79,392,1),
(394,'2023-01-08 02:35:38',37.60,50.13,62.67,393,1),
(395,'2023-01-08 02:35:38',58.30,77.73,97.16,394,1),
(396,'2023-01-08 02:35:38',47.62,63.50,79.38,395,1),
(397,'2023-01-08 02:35:38',40.31,53.75,67.18,396,1),
(398,'2023-01-08 02:35:38',32.77,43.70,54.62,397,1),
(399,'2023-01-08 02:35:38',56.23,74.97,93.71,398,1),
(400,'2023-01-08 02:35:38',40.25,53.67,67.09,399,1),
(401,'2023-01-08 02:35:38',44.74,59.65,74.56,400,1),
(402,'2023-01-08 02:35:38',41.91,55.88,69.85,401,1),
(403,'2023-01-08 02:35:38',43.17,57.57,71.96,402,1),
(404,'2023-01-08 02:35:38',42.75,57.00,71.25,403,1),
(405,'2023-01-08 02:35:38',45.96,61.28,76.60,404,1),
(406,'2023-01-08 02:35:38',53.98,71.97,89.96,405,1),
(407,'2023-01-08 02:35:38',54.26,72.35,90.43,406,1),
(408,'2023-01-08 02:35:38',35.75,47.67,59.59,407,1),
(409,'2023-01-08 02:35:38',51.28,68.37,85.46,408,1),
(410,'2023-01-08 02:35:38',58.70,78.27,97.83,409,1),
(411,'2023-01-08 02:35:38',56.23,74.97,93.71,410,1),
(412,'2023-01-08 02:35:38',41.91,55.88,69.85,411,1),
(413,'2023-01-08 02:35:38',47.31,63.08,78.85,412,1),
(414,'2023-01-08 02:35:38',36.20,48.27,60.34,413,1),
(415,'2023-01-08 02:35:38',33.27,44.37,55.46,414,1),
(416,'2023-01-08 02:35:38',29.90,39.87,49.84,415,1),
(417,'2023-01-08 02:35:38',61.40,81.87,102.33,416,1),
(418,'2023-01-08 02:35:38',36.43,48.57,60.71,417,1),
(419,'2023-01-08 02:35:38',50.38,67.17,83.96,418,1),
(420,'2023-01-08 02:35:38',40.98,54.65,68.31,419,1),
(421,'2023-01-08 02:35:38',47.85,63.80,79.75,420,1),
(422,'2023-01-08 02:35:38',41.83,55.77,69.71,421,1),
(423,'2023-01-08 02:35:38',30.12,40.17,50.21,422,1),
(424,'2023-01-08 02:35:38',47.23,62.97,78.71,423,1),
(425,'2023-01-08 02:35:38',40.91,54.55,68.19,424,1),
(426,'2023-01-08 02:35:38',49.92,66.57,83.21,425,1),
(427,'2023-01-08 02:35:38',33.95,45.27,56.58,426,1),
(428,'2023-01-08 02:35:38',44.98,59.97,74.96,427,1),
(429,'2023-01-08 02:35:38',47.00,62.67,78.34,428,1),
(430,'2023-01-08 02:35:38',38.28,51.05,63.81,429,1),
(431,'2023-01-08 02:35:38',57.80,77.07,96.34,430,1),
(432,'2023-01-08 02:35:38',42.10,56.13,70.16,431,1),
(433,'2023-01-08 02:35:38',52.65,70.20,87.75,432,1),
(434,'2023-01-08 02:35:38',43.42,57.90,72.37,433,1),
(435,'2023-01-08 02:35:38',49.52,66.03,82.54,434,1),
(436,'2023-01-08 02:35:38',50.83,67.77,84.71,435,1),
(437,'2023-01-08 02:35:38',58.53,78.05,97.56,436,1),
(438,'2023-01-08 02:35:38',58.25,77.67,97.08,437,1),
(439,'2023-01-08 02:35:38',43.85,58.47,73.08,438,1),
(440,'2023-01-08 02:35:38',37.55,50.07,62.59,439,1),
(441,'2023-01-08 02:35:38',30.12,40.17,50.21,440,1),
(442,'2023-01-08 02:35:38',65.62,87.50,109.38,441,1),
(443,'2023-01-08 02:35:38',37.16,49.55,61.93,442,1),
(444,'2023-01-08 02:35:38',45.88,61.17,76.46,443,1),
(445,'2023-01-08 02:35:38',32.88,43.85,54.81,444,1),
(446,'2023-01-08 02:35:38',43.23,57.65,72.06,445,1),
(447,'2023-01-08 02:35:38',48.40,64.53,80.67,446,1),
(448,'2023-01-08 02:35:38',54.88,73.17,91.46,447,1),
(449,'2023-01-08 02:35:38',37.35,49.80,62.25,448,1),
(450,'2023-01-08 02:35:38',36.88,49.17,61.46,449,1),
(451,'2023-01-08 02:35:38',36.20,48.27,60.33,450,1),
(452,'2023-01-08 02:35:38',43.45,57.93,72.41,451,1),
(453,'2023-01-08 02:35:38',50.38,67.17,83.96,452,1),
(454,'2023-01-08 02:35:38',38.00,50.67,63.34,453,1),
(455,'2023-01-08 02:35:38',52.40,69.87,87.34,454,1),
(456,'2023-01-08 02:35:38',36.93,49.25,61.56,455,1),
(457,'2023-01-08 02:35:38',50.83,67.77,84.71,456,1),
(458,'2023-01-08 02:35:38',38.23,50.97,63.71,457,1),
(459,'2023-01-08 02:35:38',45.42,60.57,75.71,458,1),
(460,'2023-01-08 02:35:38',44.98,59.97,74.96,459,1),
(461,'2023-01-08 02:35:38',53.35,71.13,88.91,460,1),
(462,'2023-01-08 02:35:38',56.23,74.97,93.71,461,1),
(463,'2023-01-08 02:35:38',54.38,72.50,90.62,462,1),
(464,'2023-01-08 02:35:38',44.12,58.83,73.54,463,1),
(465,'2023-01-08 02:35:38',58.92,78.57,98.21,464,1),
(466,'2023-01-08 02:35:38',44.13,58.85,73.56,465,1),
(467,'2023-01-08 02:35:38',42.05,56.07,70.08,466,1),
(468,'2023-01-08 02:35:38',46.63,62.18,77.72,467,1),
(469,'2023-01-08 02:35:38',39.35,52.47,65.58,468,1),
(470,'2023-01-08 02:35:38',29.96,39.95,49.93,469,1),
(471,'2023-01-08 02:35:38',40.31,53.75,67.18,470,1),
(472,'2023-01-08 02:35:38',43.90,58.53,73.17,471,1),
(473,'2023-01-08 02:35:38',35.80,47.73,59.67,472,1),
(474,'2023-01-08 02:35:38',43.58,58.10,72.62,473,1),
(475,'2023-01-08 02:35:38',51.58,68.78,85.97,474,1),
(476,'2023-01-08 02:35:38',40.92,54.57,68.21,475,1),
(477,'2023-01-08 02:35:38',46.80,62.40,78.00,476,1),
(478,'2023-01-08 02:35:38',51.11,68.15,85.18,477,1),
(479,'2023-01-08 02:35:38',39.60,52.80,66.00,478,1),
(480,'2023-01-08 02:35:38',46.82,62.43,78.04,479,1),
(481,'2023-01-08 02:35:38',50.20,66.93,83.67,480,1),
(482,'2023-01-08 02:35:38',62.98,83.97,104.96,481,1),
(483,'2023-01-08 02:35:38',38.02,50.70,63.37,482,1),
(484,'2023-01-08 02:35:38',47.23,62.97,78.71,483,1),
(485,'2023-01-08 02:35:38',49.07,65.43,81.79,484,1),
(486,'2023-01-08 02:35:38',45.88,61.17,76.46,485,1),
(487,'2023-01-08 02:35:38',47.96,63.95,79.93,486,1),
(488,'2023-01-08 02:35:38',39.86,53.15,66.43,487,1),
(489,'2023-01-08 02:35:38',47.67,63.57,79.46,488,1),
(490,'2023-01-08 02:35:38',59.17,78.90,98.62,489,1),
(491,'2023-01-08 02:35:38',46.10,61.47,76.83,490,1),
(492,'2023-01-08 02:35:38',50.40,67.20,84.00,491,1),
(493,'2023-01-08 02:35:38',41.91,55.88,69.85,492,1),
(494,'2023-01-08 02:35:38',31.48,41.97,52.46,493,1),
(495,'2023-01-08 02:35:38',52.71,70.28,87.85,494,1),
(496,'2023-01-08 02:35:38',40.95,54.60,68.25,495,1),
(497,'2023-01-08 02:35:38',38.90,51.87,64.84,496,1),
(498,'2023-01-08 02:35:38',57.40,76.53,95.66,497,1),
(499,'2023-01-08 02:35:38',38.45,51.27,64.08,498,1),
(500,'2023-01-08 02:35:38',28.15,37.53,46.91,499,1),
(501,'2023-01-08 02:35:38',38.28,51.05,63.81,500,1),
(502,'2023-01-08 02:35:38',28.16,37.55,46.93,501,1),
(503,'2023-01-08 02:35:38',36.65,48.87,61.08,502,1),
(504,'2023-01-08 02:35:38',41.38,55.17,68.96,503,1),
(505,'2023-01-08 02:35:38',37.55,50.07,62.58,504,1),
(506,'2023-01-08 02:35:38',50.20,66.93,83.66,505,1),
(507,'2023-01-08 02:35:38',28.67,38.23,47.78,506,1),
(508,'2023-01-08 02:35:38',44.75,59.67,74.58,507,1),
(509,'2023-01-08 02:35:38',49.36,65.81,82.26,508,1),
(510,'2023-01-08 02:35:38',44.06,58.75,73.44,509,1),
(511,'2023-01-08 02:35:38',38.00,50.67,63.33,510,1),
(512,'2023-01-08 02:35:38',50.60,67.47,84.33,511,1),
(513,'2023-01-08 02:35:38',40.03,53.37,66.71,512,1),
(514,'2023-01-08 02:35:38',42.58,56.78,70.97,513,1),
(515,'2023-01-08 02:35:38',30.35,40.47,50.59,514,1),
(516,'2023-01-08 02:35:38',57.80,77.07,96.34,515,1),
(517,'2023-01-08 02:35:38',35.63,47.51,59.39,516,1),
(518,'2023-01-08 02:35:38',30.17,40.23,50.29,517,1),
(519,'2023-01-08 02:35:38',42.36,56.48,70.60,518,1),
(520,'2023-01-08 02:35:38',44.36,59.15,73.93,519,1),
(521,'2023-01-08 02:35:38',39.13,52.17,65.21,520,1),
(522,'2023-01-08 02:35:38',55.77,74.37,92.96,521,1),
(523,'2023-01-08 02:35:38',37.82,50.43,63.04,522,1),
(524,'2023-01-08 02:35:38',54.20,72.27,90.33,523,1),
(525,'2023-01-08 02:35:38',58.81,78.41,98.01,524,1),
(526,'2023-01-08 02:35:38',30.35,40.47,50.58,525,1),
(527,'2023-01-08 02:35:39',58.59,78.12,97.66,526,1),
(528,'2023-01-08 02:35:39',45.06,60.08,75.10,527,1),
(529,'2023-01-08 02:35:39',51.05,68.07,85.09,528,1),
(530,'2023-01-08 02:35:39',35.13,46.85,58.56,529,1),
(531,'2023-01-08 02:35:39',35.77,47.70,59.62,530,1),
(532,'2023-01-08 02:35:39',37.37,49.83,62.29,531,1),
(533,'2023-01-08 02:35:39',53.08,70.77,88.46,532,1),
(534,'2023-01-08 02:35:39',42.77,57.03,71.29,533,1),
(535,'2023-01-08 02:35:39',46.99,62.65,78.31,534,1),
(536,'2023-01-08 02:35:39',37.10,49.47,61.84,535,1),
(537,'2023-01-08 02:35:39',35.98,47.97,59.96,536,1),
(538,'2023-01-08 02:35:39',53.75,71.67,89.58,537,1),
(539,'2023-01-08 02:35:39',43.93,58.58,73.22,538,1),
(540,'2023-01-08 02:35:39',35.81,47.75,59.68,539,1),
(541,'2023-01-08 02:35:39',47.51,63.35,79.18,540,1),
(542,'2023-01-08 02:35:39',39.86,53.15,66.43,541,1),
(543,'2023-01-08 02:35:39',47.23,62.97,78.71,542,1),
(544,'2023-01-08 02:35:39',42.56,56.75,70.93,543,1),
(545,'2023-01-08 02:35:39',28.35,37.80,47.25,544,1),
(546,'2023-01-08 02:35:39',52.73,70.31,87.89,545,1),
(547,'2023-01-08 02:35:39',42.17,56.23,70.28,546,1),
(548,'2023-01-08 02:35:39',39.15,52.20,65.25,547,1),
(549,'2023-01-08 02:35:39',42.50,56.67,70.83,548,1),
(550,'2023-01-08 02:35:39',52.06,69.41,86.76,549,1),
(551,'2023-01-08 02:35:39',45.20,60.27,75.34,550,1),
(552,'2023-01-08 02:35:39',52.23,69.63,87.04,551,1),
(553,'2023-01-08 02:35:39',36.20,48.27,60.33,552,1),
(554,'2023-01-08 02:35:39',55.33,73.77,92.21,553,1),
(555,'2023-01-08 02:35:39',46.05,61.40,76.75,554,1),
(556,'2023-01-08 02:35:39',42.27,56.37,70.46,555,1),
(557,'2023-01-08 02:35:39',55.54,74.05,92.56,556,1),
(558,'2023-01-08 02:35:39',46.10,61.47,76.83,557,1),
(559,'2023-01-08 02:35:39',51.05,68.07,85.08,558,1),
(560,'2023-01-08 02:35:39',48.13,64.17,80.21,559,1),
(561,'2023-01-08 02:35:39',28.38,37.83,47.29,560,1),
(562,'2023-01-08 02:35:39',50.60,67.47,84.34,561,1),
(563,'2023-01-08 02:35:39',35.57,47.43,59.29,562,1),
(564,'2023-01-08 02:35:39',44.98,59.97,74.96,563,1),
(565,'2023-01-08 02:35:39',53.52,71.37,89.21,564,1),
(566,'2023-01-08 02:35:39',60.05,80.07,100.09,565,1),
(567,'2023-01-08 02:35:39',40.98,54.65,68.31,566,1),
(568,'2023-01-08 02:35:39',38.21,50.95,63.69,567,1),
(569,'2023-01-08 02:35:39',35.75,47.67,59.59,568,1),
(570,'2023-01-08 02:35:39',41.21,54.95,68.68,569,1),
(571,'2023-01-08 02:35:39',53.36,71.15,88.93,570,1),
(572,'2023-01-08 02:35:39',36.96,49.28,61.60,571,1),
(573,'2023-01-08 02:35:39',36.20,48.27,60.34,572,1),
(574,'2023-01-08 02:35:39',47.23,62.97,78.71,573,1),
(575,'2023-01-08 02:35:39',36.93,49.25,61.56,574,1),
(576,'2023-01-08 02:35:39',54.92,73.23,91.54,575,1),
(577,'2023-01-08 02:35:39',52.35,69.80,87.25,576,1),
(578,'2023-01-08 02:35:39',32.15,42.87,53.59,577,1),
(579,'2023-01-08 02:35:39',47.00,62.67,78.33,578,1),
(580,'2023-01-08 02:35:39',49.93,66.57,83.21,579,1),
(581,'2023-01-08 02:35:39',38.90,51.87,64.84,580,1),
(582,'2023-01-08 02:35:39',35.08,46.77,58.46,581,1),
(583,'2023-01-08 02:35:39',40.70,54.27,67.84,582,1),
(584,'2023-01-08 02:35:39',44.98,59.97,74.96,583,1),
(585,'2023-01-08 02:35:39',34.74,46.33,57.91,584,1),
(586,'2023-01-08 02:35:39',51.11,68.15,85.18,585,1),
(587,'2023-01-08 02:35:39',49.70,66.27,82.83,586,1),
(588,'2023-01-08 02:35:39',47.90,63.87,79.84,587,1),
(589,'2023-01-08 02:35:39',29.33,39.11,48.89,588,1),
(590,'2023-01-08 02:35:39',42.75,57.00,71.25,589,1),
(591,'2023-01-08 02:35:39',51.27,68.37,85.46,590,1),
(592,'2023-01-08 02:35:39',51.78,69.05,86.31,591,1),
(593,'2023-01-08 02:35:39',36.90,49.20,61.50,592,1),
(594,'2023-01-08 02:35:39',42.36,56.48,70.60,593,1),
(595,'2023-01-08 02:35:39',40.70,54.27,67.83,594,1),
(596,'2023-01-08 02:35:39',45.06,60.08,75.10,595,1),
(597,'2023-01-08 02:35:39',30.56,40.75,50.94,596,1),
(598,'2023-01-08 02:35:39',65.90,87.87,109.83,597,1),
(599,'2023-01-08 02:35:39',38.95,51.93,64.91,598,1),
(600,'2023-01-08 02:35:39',45.15,60.20,75.25,599,1),
(601,'2023-01-08 02:35:39',52.00,69.33,86.67,600,1),
(602,'2023-01-08 02:37:10',40.02,53.37,66.71,601,1),
(603,'2023-01-08 02:37:10',57.40,76.53,95.66,602,1),
(604,'2023-01-08 02:37:10',49.25,65.67,82.09,603,1),
(605,'2023-01-08 02:37:10',57.80,77.07,96.34,604,1),
(606,'2023-01-08 02:37:10',67.76,90.35,112.93,605,1),
(607,'2023-01-08 02:37:10',43.42,57.90,72.37,606,1),
(608,'2023-01-08 02:37:10',54.88,73.17,91.46,607,1),
(609,'2023-01-08 02:37:10',53.35,71.13,88.91,608,1),
(610,'2023-01-08 02:37:10',66.18,88.25,110.31,609,1),
(611,'2023-01-08 02:37:10',50.15,66.87,83.58,610,1),
(612,'2023-01-08 02:37:10',55.66,74.21,92.76,611,1),
(613,'2023-01-08 02:37:10',43.00,57.33,71.67,612,1),
(614,'2023-01-08 02:37:10',58.03,77.37,96.71,613,1),
(615,'2023-01-08 02:37:10',43.63,58.17,72.71,614,1),
(616,'2023-01-08 02:37:10',65.90,87.87,109.83,615,1),
(617,'2023-01-08 02:37:10',50.65,67.53,84.41,616,1),
(618,'2023-01-08 02:37:10',43.03,57.38,71.72,617,1),
(619,'2023-01-08 02:37:10',47.23,62.97,78.71,618,1),
(620,'2023-01-08 02:37:10',36.20,48.27,60.33,619,1),
(621,'2023-01-08 02:37:10',35.98,47.97,59.96,620,1),
(622,'2023-01-08 02:37:10',36.88,49.17,61.46,621,1),
(623,'2023-01-08 02:37:10',43.18,57.57,71.96,622,1),
(624,'2023-01-08 02:37:10',41.46,55.28,69.10,623,1),
(625,'2023-01-08 02:37:10',45.25,60.33,75.41,624,1),
(626,'2023-01-08 02:37:10',51.33,68.45,85.56,625,1),
(627,'2023-01-08 02:37:10',67.81,90.41,113.01,626,1),
(628,'2023-01-08 02:37:10',29.05,38.73,48.41,627,1),
(629,'2023-01-08 02:37:10',28.86,38.48,48.10,628,1),
(630,'2023-01-08 02:37:10',36.20,48.27,60.33,629,1),
(631,'2023-01-08 02:37:10',35.08,46.77,58.46,630,1),
(632,'2023-01-08 02:37:10',44.08,58.77,73.46,631,1),
(633,'2023-01-08 02:37:10',50.38,67.17,83.96,632,1),
(634,'2023-01-08 02:37:10',26.61,35.48,44.35,633,1),
(635,'2023-01-08 02:37:10',26.35,35.13,43.92,634,1),
(636,'2023-01-08 02:37:10',62.53,83.37,104.21,635,1),
(637,'2023-01-08 02:37:11',50.38,67.17,83.96,636,1),
(638,'2023-01-08 02:37:11',50.60,67.47,84.33,637,1),
(639,'2023-01-08 02:37:11',48.66,64.88,81.10,638,1),
(640,'2023-01-08 02:37:11',54.60,72.80,91.00,639,1),
(641,'2023-01-08 02:37:11',45.22,60.30,75.37,640,1),
(642,'2023-01-08 02:37:11',47.89,63.85,79.81,641,1),
(643,'2023-01-08 02:37:11',35.32,47.10,58.87,642,1),
(644,'2023-01-08 02:37:11',40.02,53.37,66.71,643,1),
(645,'2023-01-08 02:37:11',46.78,62.37,77.96,644,1),
(646,'2023-01-08 02:37:11',49.76,66.35,82.93,645,1),
(647,'2023-01-08 02:37:11',39.86,53.15,66.43,646,1),
(648,'2023-01-08 02:37:11',42.05,56.07,70.08,647,1),
(649,'2023-01-08 02:37:11',34.71,46.28,57.85,648,1),
(650,'2023-01-08 02:37:11',36.51,48.68,60.85,649,1),
(651,'2023-01-08 02:37:11',34.67,46.23,57.79,650,1),
(652,'2023-01-08 02:37:11',43.87,58.50,73.12,651,1),
(653,'2023-01-08 02:37:11',54.83,73.10,91.38,652,1),
(654,'2023-01-08 02:37:11',47.68,63.57,79.46,653,1),
(655,'2023-01-08 02:37:11',49.75,66.33,82.91,654,1),
(656,'2023-01-08 02:37:11',48.58,64.77,80.96,655,1),
(657,'2023-01-08 02:37:11',34.71,46.28,57.85,656,1),
(658,'2023-01-08 02:37:11',41.14,54.85,68.56,657,1),
(659,'2023-01-08 02:37:11',42.11,56.15,70.18,658,1),
(660,'2023-01-08 02:37:11',28.33,37.77,47.21,659,1),
(661,'2023-01-08 02:37:11',42.50,56.67,70.83,660,1),
(662,'2023-01-08 02:37:11',49.13,65.51,81.89,661,1),
(663,'2023-01-08 02:37:11',42.61,56.81,71.01,662,1),
(664,'2023-01-08 02:37:11',46.10,61.47,76.83,663,1),
(665,'2023-01-08 02:37:11',44.75,59.67,74.58,664,1),
(666,'2023-01-08 02:37:11',40.03,53.37,66.71,665,1),
(667,'2023-01-08 02:37:11',40.95,54.60,68.25,666,1),
(668,'2023-01-08 02:37:11',47.00,62.67,78.33,667,1),
(669,'2023-01-08 02:37:11',53.98,71.97,89.96,668,1),
(670,'2023-01-08 02:37:11',47.06,62.75,78.43,669,1),
(671,'2023-01-08 02:37:11',37.55,50.07,62.58,670,1),
(672,'2023-01-08 02:37:11',45.90,61.20,76.50,671,1),
(673,'2023-01-08 02:37:11',47.28,63.05,78.81,672,1),
(674,'2023-01-08 02:37:11',35.80,47.73,59.66,673,1),
(675,'2023-01-08 02:37:11',63.22,84.30,105.37,674,1),
(676,'2023-01-08 02:37:11',42.77,57.03,71.29,675,1),
(677,'2023-01-08 02:37:11',56.23,74.97,93.71,676,1),
(678,'2023-01-08 02:37:11',54.92,73.23,91.54,677,1),
(679,'2023-01-08 02:37:11',55.12,73.50,91.87,678,1),
(680,'2023-01-08 02:37:11',44.52,59.37,74.21,679,1),
(681,'2023-01-08 02:37:11',53.13,70.85,88.56,680,1),
(682,'2023-01-08 02:37:11',29.90,39.87,49.83,681,1),
(683,'2023-01-08 02:37:11',46.27,61.70,77.12,682,1),
(684,'2023-01-08 02:37:11',31.02,41.37,51.71,683,1),
(685,'2023-01-08 02:37:11',44.32,59.10,73.87,684,1),
(686,'2023-01-08 02:37:11',49.91,66.55,83.19,685,1),
(687,'2023-01-08 02:37:11',44.38,59.18,73.97,686,1),
(688,'2023-01-08 02:37:11',41.46,55.28,69.10,687,1),
(689,'2023-01-08 02:37:11',34.40,45.87,57.33,688,1),
(690,'2023-01-08 02:37:11',50.77,67.70,84.62,689,1),
(691,'2023-01-08 02:37:11',58.03,77.37,96.71,690,1),
(692,'2023-01-08 02:37:11',57.62,76.83,96.04,691,1),
(693,'2023-01-08 02:37:11',37.78,50.37,62.96,692,1),
(694,'2023-01-08 02:37:11',62.35,83.13,103.92,693,1),
(695,'2023-01-08 02:37:11',35.83,47.78,59.72,694,1),
(696,'2023-01-08 02:37:11',42.33,56.43,70.54,695,1),
(697,'2023-01-08 02:37:11',42.50,56.67,70.84,696,1),
(698,'2023-01-08 02:37:11',47.53,63.38,79.22,697,1),
(699,'2023-01-08 02:37:11',49.95,66.60,83.25,698,1),
(700,'2023-01-08 02:37:11',42.77,57.03,71.29,699,1),
(701,'2023-01-08 02:37:11',44.61,59.48,74.35,700,1),
(702,'2023-01-08 02:37:11',55.77,74.37,92.96,701,1),
(703,'2023-01-08 02:37:11',43.46,57.95,72.43,702,1),
(704,'2023-01-08 02:37:11',45.03,60.05,75.06,703,1),
(705,'2023-01-08 02:37:11',42.36,56.48,70.60,704,1),
(706,'2023-01-08 02:37:11',38.68,51.57,64.46,705,1),
(707,'2023-01-08 02:37:11',35.86,47.81,59.76,706,1),
(708,'2023-01-08 02:37:11',40.91,54.55,68.19,707,1),
(709,'2023-01-08 02:37:11',38.00,50.67,63.33,708,1),
(710,'2023-01-08 02:37:11',52.00,69.33,86.66,709,1),
(711,'2023-01-08 02:37:11',39.88,53.18,66.47,710,1),
(712,'2023-01-08 02:37:11',40.03,53.37,66.71,711,1),
(713,'2023-01-08 02:37:11',43.85,58.47,73.08,712,1),
(714,'2023-01-08 02:37:11',43.39,57.85,72.31,713,1),
(715,'2023-01-08 02:37:11',45.42,60.57,75.71,714,1),
(716,'2023-01-08 02:37:11',43.71,58.28,72.85,715,1),
(717,'2023-01-08 02:37:11',33.36,44.48,55.60,716,1),
(718,'2023-01-08 02:37:11',38.08,50.78,63.47,717,1),
(719,'2023-01-08 02:37:11',43.40,57.87,72.34,718,1),
(720,'2023-01-08 02:37:11',56.90,75.87,94.84,719,1),
(721,'2023-01-08 02:37:11',45.64,60.85,76.06,720,1),
(722,'2023-01-08 02:37:11',44.32,59.10,73.87,721,1),
(723,'2023-01-08 02:37:11',35.30,47.07,58.83,722,1),
(724,'2023-01-08 02:37:11',47.08,62.78,78.47,723,1),
(725,'2023-01-08 02:37:11',38.67,51.57,64.46,724,1),
(726,'2023-01-08 02:37:11',53.30,71.07,88.84,725,1),
(727,'2023-01-08 02:37:11',44.13,58.85,73.56,726,1),
(728,'2023-01-08 02:37:11',57.43,76.58,95.72,727,1),
(729,'2023-01-08 02:37:11',58.20,77.60,97.00,728,1),
(730,'2023-01-08 02:37:11',38.44,51.25,64.06,729,1),
(731,'2023-01-08 02:37:11',45.65,60.87,76.08,730,1),
(732,'2023-01-08 02:37:11',58.48,77.97,97.46,731,1),
(733,'2023-01-08 02:37:11',50.42,67.23,84.04,732,1),
(734,'2023-01-08 02:37:11',47.25,63.00,78.75,733,1),
(735,'2023-01-08 02:37:11',52.65,70.20,87.75,734,1),
(736,'2023-01-08 02:37:11',69.04,92.05,115.06,735,1),
(737,'2023-01-08 02:37:11',51.05,68.07,85.08,736,1),
(738,'2023-01-08 02:37:11',53.16,70.88,88.60,737,1),
(739,'2023-01-08 02:37:11',49.92,66.57,83.21,738,1),
(740,'2023-01-08 02:37:11',36.20,48.27,60.33,739,1),
(741,'2023-01-08 02:37:11',50.38,67.17,83.96,740,1),
(742,'2023-01-08 02:37:11',53.48,71.30,89.12,741,1),
(743,'2023-01-08 02:37:11',52.18,69.57,86.96,742,1),
(744,'2023-01-08 02:37:11',42.05,56.07,70.09,743,1),
(745,'2023-01-08 02:37:11',34.20,45.60,57.00,744,1),
(746,'2023-01-08 02:37:11',65.00,86.67,108.33,745,1),
(747,'2023-01-08 02:37:11',43.17,57.57,71.96,746,1),
(748,'2023-01-08 02:37:11',38.90,51.87,64.83,747,1),
(749,'2023-01-08 02:37:11',40.11,53.48,66.85,748,1),
(750,'2023-01-08 02:37:11',51.23,68.30,85.38,749,1),
(751,'2023-01-08 02:37:11',37.55,50.07,62.58,750,1),
(752,'2023-01-08 02:37:11',48.35,64.47,80.58,751,1),
(753,'2023-01-08 02:37:11',40.70,54.27,67.84,752,1),
(754,'2023-01-08 02:37:11',56.47,75.30,94.12,753,1),
(755,'2023-01-08 02:37:11',37.18,49.58,61.97,754,1),
(756,'2023-01-08 02:37:11',46.37,61.83,77.29,755,1),
(757,'2023-01-08 02:37:11',49.48,65.97,82.46,756,1),
(758,'2023-01-08 02:37:11',67.47,89.97,112.46,757,1),
(759,'2023-01-08 02:37:11',55.77,74.37,92.96,758,1),
(760,'2023-01-08 02:37:11',36.20,48.27,60.33,759,1),
(761,'2023-01-08 02:37:11',48.63,64.85,81.06,760,1),
(762,'2023-01-08 02:37:11',50.17,66.90,83.62,761,1),
(763,'2023-01-08 02:37:11',39.23,52.31,65.39,762,1),
(764,'2023-01-08 02:37:11',40.02,53.37,66.71,763,1),
(765,'2023-01-08 02:37:11',58.25,77.67,97.08,764,1),
(766,'2023-01-08 02:37:11',46.66,62.21,77.76,765,1),
(767,'2023-01-08 02:37:11',37.38,49.83,62.29,766,1),
(768,'2023-01-08 02:37:11',45.65,60.87,76.09,767,1),
(769,'2023-01-08 02:37:11',37.35,49.80,62.25,768,1),
(770,'2023-01-08 02:37:11',57.63,76.85,96.06,769,1),
(771,'2023-01-08 02:37:11',31.56,42.08,52.60,770,1),
(772,'2023-01-08 02:37:11',50.23,66.98,83.72,771,1),
(773,'2023-01-08 02:37:11',42.13,56.18,70.22,772,1),
(774,'2023-01-08 02:37:11',37.57,50.10,62.62,773,1),
(775,'2023-01-08 02:37:11',38.57,51.42,64.28,774,1),
(776,'2023-01-08 02:37:11',42.05,56.07,70.09,775,1),
(777,'2023-01-08 02:37:11',44.98,59.97,74.96,776,1),
(778,'2023-01-08 02:37:11',48.41,64.55,80.68,777,1),
(779,'2023-01-08 02:37:11',36.98,49.31,61.64,778,1),
(780,'2023-01-08 02:37:11',43.18,57.57,71.96,779,1),
(781,'2023-01-08 02:37:11',49.30,65.73,82.16,780,1),
(782,'2023-01-08 02:37:11',62.98,83.97,104.96,781,1),
(783,'2023-01-08 02:37:11',36.00,48.00,60.00,782,1),
(784,'2023-01-08 02:37:11',62.98,83.97,104.96,783,1),
(785,'2023-01-08 02:37:11',61.63,82.17,102.71,784,1),
(786,'2023-01-08 02:37:11',42.78,57.05,71.31,785,1),
(787,'2023-01-08 02:37:11',37.05,49.40,61.75,786,1),
(788,'2023-01-08 02:37:11',38.31,51.08,63.85,787,1),
(789,'2023-01-08 02:37:11',53.52,71.37,89.21,788,1),
(790,'2023-01-08 02:37:11',47.33,63.11,78.89,789,1),
(791,'2023-01-08 02:37:11',39.15,52.20,65.25,790,1),
(792,'2023-01-08 02:37:11',42.10,56.13,70.16,791,1),
(793,'2023-01-08 02:37:11',47.06,62.75,78.43,792,1),
(794,'2023-01-08 02:37:11',61.87,82.50,103.12,793,1),
(795,'2023-01-08 02:37:11',45.26,60.35,75.43,794,1),
(796,'2023-01-08 02:37:11',43.01,57.35,71.68,795,1),
(797,'2023-01-08 02:37:11',67.03,89.37,111.71,796,1),
(798,'2023-01-08 02:37:11',34.85,46.47,58.09,797,1),
(799,'2023-01-08 02:37:11',49.78,66.38,82.97,798,1),
(800,'2023-01-08 02:37:11',34.40,45.87,57.33,799,1),
(801,'2023-01-08 02:37:11',36.26,48.35,60.43,800,1),
(802,'2023-01-08 02:37:11',47.66,63.55,79.44,801,1),
(803,'2023-01-08 02:37:11',63.93,85.25,106.56,802,1),
(804,'2023-01-08 02:37:11',42.95,57.27,71.58,803,1),
(805,'2023-01-08 02:37:11',29.70,39.60,49.50,804,1),
(806,'2023-01-08 02:37:11',43.46,57.95,72.43,805,1),
(807,'2023-01-08 02:37:11',36.28,48.38,60.47,806,1),
(808,'2023-01-08 02:37:11',54.67,72.90,91.12,807,1),
(809,'2023-01-08 02:37:11',33.83,45.11,56.39,808,1),
(810,'2023-01-08 02:37:11',52.01,69.35,86.68,809,1),
(811,'2023-01-08 02:37:11',31.69,42.25,52.81,810,1),
(812,'2023-01-08 02:37:11',46.18,61.58,76.97,811,1),
(813,'2023-01-08 02:37:11',47.53,63.38,79.22,812,1),
(814,'2023-01-08 02:37:11',52.62,70.17,87.71,813,1),
(815,'2023-01-08 02:37:11',50.60,67.47,84.34,814,1),
(816,'2023-01-08 02:37:11',53.18,70.91,88.64,815,1),
(817,'2023-01-08 02:37:11',36.88,49.17,61.46,816,1),
(818,'2023-01-08 02:37:11',37.86,50.48,63.10,817,1),
(819,'2023-01-08 02:37:11',43.93,58.58,73.22,818,1),
(820,'2023-01-08 02:37:11',58.98,78.65,98.31,819,1),
(821,'2023-01-08 02:37:11',46.83,62.45,78.06,820,1),
(822,'2023-01-08 02:37:11',56.47,75.30,94.12,821,1),
(823,'2023-01-08 02:37:11',55.16,73.55,91.93,822,1),
(824,'2023-01-08 02:37:11',28.10,37.47,46.84,823,1),
(825,'2023-01-08 02:37:11',37.10,49.47,61.83,824,1),
(826,'2023-01-08 02:37:11',43.62,58.17,72.71,825,1),
(827,'2023-01-08 02:37:11',62.98,83.97,104.96,826,1),
(828,'2023-01-08 02:37:11',36.43,48.57,60.71,827,1),
(829,'2023-01-08 02:37:11',47.23,62.97,78.71,828,1),
(830,'2023-01-08 02:37:11',33.95,45.27,56.58,829,1),
(831,'2023-01-08 02:37:11',46.44,61.92,77.41,830,1),
(832,'2023-01-08 02:37:11',62.53,83.37,104.21,831,1),
(833,'2023-01-08 02:37:11',49.78,66.38,82.97,832,1),
(834,'2023-01-08 02:37:11',53.75,71.67,89.59,833,1),
(835,'2023-01-08 02:37:11',50.38,67.17,83.96,834,1),
(836,'2023-01-08 02:37:11',32.21,42.95,53.68,835,1),
(837,'2023-01-08 02:37:11',45.26,60.35,75.43,836,1),
(838,'2023-01-08 02:37:11',45.96,61.28,76.60,837,1),
(839,'2023-01-08 02:37:11',51.27,68.37,85.46,838,1),
(840,'2023-01-08 02:37:11',49.72,66.30,82.87,839,1),
(841,'2023-01-08 02:37:11',29.53,39.38,49.22,840,1),
(842,'2023-01-08 02:37:11',57.80,77.07,96.34,841,1),
(843,'2023-01-08 02:37:11',57.13,76.17,95.21,842,1),
(844,'2023-01-08 02:37:11',48.35,64.47,80.59,843,1),
(845,'2023-01-08 02:37:11',42.28,56.37,70.46,844,1),
(846,'2023-01-08 02:37:11',54.88,73.17,91.46,845,1),
(847,'2023-01-08 02:37:12',54.83,73.10,91.38,846,1),
(848,'2023-01-08 02:37:12',63.88,85.17,106.46,847,1),
(849,'2023-01-08 02:37:12',54.02,72.03,90.04,848,1),
(850,'2023-01-08 02:37:12',39.37,52.50,65.62,849,1),
(851,'2023-01-08 02:37:12',43.40,57.87,72.33,850,1),
(852,'2023-01-08 02:37:12',35.83,47.78,59.72,851,1),
(853,'2023-01-08 02:37:12',47.67,63.57,79.46,852,1),
(854,'2023-01-08 02:37:12',32.60,43.47,54.33,853,1),
(855,'2023-01-08 02:37:12',45.90,61.20,76.50,854,1),
(856,'2023-01-08 02:37:12',46.78,62.37,77.96,855,1),
(857,'2023-01-08 02:37:12',54.48,72.65,90.81,856,1),
(858,'2023-01-08 02:37:12',47.05,62.73,78.42,857,1),
(859,'2023-01-08 02:37:12',42.30,56.40,70.50,858,1),
(860,'2023-01-08 02:37:12',48.82,65.10,81.37,859,1),
(861,'2023-01-08 02:37:12',36.43,48.57,60.71,860,1),
(862,'2023-01-08 02:37:12',41.87,55.83,69.79,861,1),
(863,'2023-01-08 02:37:12',37.82,50.43,63.04,862,1),
(864,'2023-01-08 02:37:12',44.75,59.67,74.59,863,1),
(865,'2023-01-08 02:37:12',48.68,64.91,81.14,864,1),
(866,'2023-01-08 02:37:12',58.11,77.48,96.85,865,1),
(867,'2023-01-08 02:37:12',45.06,60.08,75.10,866,1),
(868,'2023-01-08 02:37:12',43.87,58.50,73.12,867,1),
(869,'2023-01-08 02:37:12',58.48,77.97,97.46,868,1),
(870,'2023-01-08 02:37:12',41.71,55.61,69.51,869,1),
(871,'2023-01-08 02:37:12',38.50,51.33,64.17,870,1),
(872,'2023-01-08 02:37:12',46.77,62.37,77.96,871,1),
(873,'2023-01-08 02:37:12',38.31,51.08,63.85,872,1),
(874,'2023-01-08 02:37:12',46.55,62.07,77.58,873,1),
(875,'2023-01-08 02:37:12',53.30,71.07,88.83,874,1),
(876,'2023-01-08 02:37:12',44.98,59.97,74.96,875,1),
(877,'2023-01-08 02:37:12',43.23,57.65,72.06,876,1),
(878,'2023-01-08 02:37:12',48.66,64.88,81.10,877,1),
(879,'2023-01-08 02:37:12',50.62,67.50,84.37,878,1),
(880,'2023-01-08 02:37:12',53.75,71.67,89.58,879,1),
(881,'2023-01-08 02:37:12',34.26,45.68,57.10,880,1),
(882,'2023-01-08 02:37:12',27.51,36.68,45.85,881,1),
(883,'2023-01-08 02:37:12',48.62,64.83,81.04,882,1),
(884,'2023-01-08 02:37:12',38.45,51.27,64.08,883,1),
(885,'2023-01-08 02:37:12',51.75,69.00,86.25,884,1),
(886,'2023-01-08 02:37:12',49.53,66.05,82.56,885,1),
(887,'2023-01-08 02:37:12',55.86,74.48,93.10,886,1),
(888,'2023-01-08 02:37:12',55.33,73.77,92.21,887,1),
(889,'2023-01-08 02:37:12',36.32,48.42,60.53,888,1),
(890,'2023-01-08 02:37:12',49.92,66.57,83.21,889,1),
(891,'2023-01-08 02:37:12',42.27,56.37,70.46,890,1),
(892,'2023-01-08 02:37:12',49.48,65.97,82.46,891,1),
(893,'2023-01-08 02:37:12',53.13,70.85,88.56,892,1),
(894,'2023-01-08 02:37:12',52.85,70.47,88.08,893,1),
(895,'2023-01-08 02:37:12',53.30,71.07,88.84,894,1),
(896,'2023-01-08 02:37:12',37.50,50.00,62.50,895,1),
(897,'2023-01-08 02:37:12',57.58,76.77,95.96,896,1),
(898,'2023-01-08 02:37:12',38.25,51.00,63.75,897,1),
(899,'2023-01-08 02:37:12',54.06,72.08,90.10,898,1),
(900,'2023-01-08 02:37:12',46.60,62.13,77.67,899,1),
(901,'2023-01-08 02:37:12',38.23,50.97,63.71,900,1),
(902,'2023-01-08 02:37:12',34.18,45.57,56.96,901,1),
(903,'2023-01-08 02:37:12',28.82,38.43,48.04,902,1),
(904,'2023-01-08 02:37:12',28.33,37.77,47.21,903,1),
(905,'2023-01-08 02:37:12',52.45,69.93,87.42,904,1),
(906,'2023-01-08 02:37:12',38.90,51.87,64.83,905,1),
(907,'2023-01-08 02:37:12',47.67,63.57,79.46,906,1),
(908,'2023-01-08 02:37:12',43.62,58.17,72.71,907,1),
(909,'2023-01-08 02:37:12',44.87,59.83,74.78,908,1),
(910,'2023-01-08 02:37:12',50.83,67.77,84.71,909,1),
(911,'2023-01-08 02:37:12',57.37,76.50,95.62,910,1),
(912,'2023-01-08 02:37:12',43.23,57.65,72.06,911,1),
(913,'2023-01-08 02:37:12',59.66,79.55,99.43,912,1),
(914,'2023-01-08 02:37:12',48.41,64.55,80.68,913,1),
(915,'2023-01-08 02:37:12',36.00,48.00,60.00,914,1),
(916,'2023-01-08 02:37:12',48.63,64.85,81.06,915,1),
(917,'2023-01-08 02:37:12',63.93,85.25,106.56,916,1),
(918,'2023-01-08 02:37:12',38.28,51.05,63.81,917,1),
(919,'2023-01-08 02:37:12',49.48,65.97,82.46,918,1),
(920,'2023-01-08 02:37:12',53.58,71.45,89.31,919,1),
(921,'2023-01-08 02:37:12',42.75,57.00,71.25,920,1),
(922,'2023-01-08 02:37:12',32.60,43.47,54.33,921,1),
(923,'2023-01-08 02:37:12',52.00,69.33,86.66,922,1),
(924,'2023-01-08 02:37:12',35.98,47.97,59.96,923,1),
(925,'2023-01-08 02:37:12',46.18,61.58,76.97,924,1),
(926,'2023-01-08 02:37:12',43.85,58.47,73.08,925,1),
(927,'2023-01-08 02:37:12',49.95,66.60,83.25,926,1),
(928,'2023-01-08 02:37:12',57.58,76.77,95.96,927,1),
(929,'2023-01-08 02:37:12',42.81,57.08,71.35,928,1),
(930,'2023-01-08 02:37:12',39.62,52.83,66.04,929,1),
(931,'2023-01-08 02:37:12',35.32,47.10,58.87,930,1),
(932,'2023-01-08 02:37:12',49.52,66.03,82.54,931,1),
(933,'2023-01-08 02:37:12',50.38,67.17,83.96,932,1),
(934,'2023-01-08 02:37:12',44.58,59.43,74.29,933,1),
(935,'2023-01-08 02:37:12',35.55,47.40,59.25,934,1),
(936,'2023-01-08 02:37:12',53.35,71.13,88.92,935,1),
(937,'2023-01-08 02:37:12',39.86,53.15,66.43,936,1),
(938,'2023-01-08 02:37:12',47.67,63.57,79.46,937,1),
(939,'2023-01-08 02:37:12',52.67,70.23,87.79,938,1),
(940,'2023-01-08 02:37:12',36.73,48.98,61.22,939,1),
(941,'2023-01-08 02:37:12',48.01,64.01,80.01,940,1),
(942,'2023-01-08 02:37:12',35.98,47.97,59.96,941,1),
(943,'2023-01-08 02:37:12',52.71,70.28,87.85,942,1),
(944,'2023-01-08 02:37:12',45.65,60.87,76.09,943,1),
(945,'2023-01-08 02:37:12',42.13,56.18,70.22,944,1),
(946,'2023-01-08 02:37:12',45.65,60.87,76.09,945,1),
(947,'2023-01-08 02:37:12',37.18,49.58,61.97,946,1),
(948,'2023-01-08 02:37:12',40.46,53.95,67.44,947,1),
(949,'2023-01-08 02:37:12',62.75,83.67,104.58,948,1),
(950,'2023-01-08 02:37:12',46.55,62.07,77.58,949,1),
(951,'2023-01-08 02:37:12',44.35,59.13,73.91,950,1),
(952,'2023-01-08 02:37:12',39.13,52.17,65.21,951,1),
(953,'2023-01-08 02:37:12',47.96,63.95,79.93,952,1),
(954,'2023-01-08 02:37:12',45.22,60.30,75.37,953,1),
(955,'2023-01-08 02:37:12',38.23,50.97,63.71,954,1),
(956,'2023-01-08 02:37:12',46.10,61.47,76.83,955,1),
(957,'2023-01-08 02:37:12',37.80,50.40,63.00,956,1),
(958,'2023-01-08 02:37:12',61.22,81.63,102.04,957,1),
(959,'2023-01-08 02:37:12',28.55,38.07,47.58,958,1),
(960,'2023-01-08 02:37:12',48.37,64.50,80.62,959,1),
(961,'2023-01-08 02:37:12',44.38,59.18,73.97,960,1),
(962,'2023-01-08 02:37:12',42.17,56.23,70.28,961,1),
(963,'2023-01-08 02:37:12',46.89,62.52,78.16,962,1),
(964,'2023-01-08 02:37:12',58.72,78.30,97.87,963,1),
(965,'2023-01-08 02:37:12',34.85,46.47,58.09,964,1),
(966,'2023-01-08 02:37:12',32.91,43.88,54.85,965,1),
(967,'2023-01-08 02:37:12',38.00,50.67,63.33,966,1),
(968,'2023-01-08 02:37:12',58.48,77.97,97.46,967,1),
(969,'2023-01-08 02:37:12',43.58,58.10,72.62,968,1),
(970,'2023-01-08 02:37:12',45.19,60.25,75.31,969,1),
(971,'2023-01-08 02:37:12',46.78,62.37,77.96,970,1),
(972,'2023-01-08 02:37:12',31.75,42.33,52.91,971,1),
(973,'2023-01-08 02:37:12',46.12,61.50,76.87,972,1),
(974,'2023-01-08 02:37:12',64.86,86.48,108.10,973,1),
(975,'2023-01-08 02:37:12',31.36,41.81,52.26,974,1),
(976,'2023-01-08 02:37:12',37.78,50.37,62.96,975,1),
(977,'2023-01-08 02:37:12',30.35,40.47,50.58,976,1),
(978,'2023-01-08 02:37:12',27.65,36.87,46.08,977,1),
(979,'2023-01-08 02:37:12',50.04,66.72,83.41,978,1),
(980,'2023-01-08 02:37:12',28.83,38.45,48.06,979,1),
(981,'2023-01-08 02:37:12',65.95,87.93,109.92,980,1),
(982,'2023-01-08 02:37:12',45.48,60.65,75.81,981,1),
(983,'2023-01-08 02:37:12',47.70,63.60,79.50,982,1),
(984,'2023-01-08 02:37:12',50.26,67.01,83.76,983,1),
(985,'2023-01-08 02:37:12',62.36,83.15,103.93,984,1),
(986,'2023-01-08 02:37:12',50.10,66.80,83.50,985,1),
(987,'2023-01-08 02:37:12',49.13,65.51,81.89,986,1),
(988,'2023-01-08 02:37:12',41.65,55.53,69.41,987,1),
(989,'2023-01-08 02:37:12',36.20,48.27,60.34,988,1),
(990,'2023-01-08 02:37:12',42.75,57.00,71.25,989,1),
(991,'2023-01-08 02:37:12',45.42,60.57,75.71,990,1),
(992,'2023-01-08 02:37:12',29.90,39.87,49.83,991,1),
(993,'2023-01-08 02:37:12',44.30,59.07,73.84,992,1),
(994,'2023-01-08 02:37:12',53.13,70.85,88.56,993,1),
(995,'2023-01-08 02:37:12',38.47,51.30,64.12,994,1),
(996,'2023-01-08 02:37:12',54.48,72.65,90.81,995,1),
(997,'2023-01-08 02:37:12',32.43,43.25,54.06,996,1),
(998,'2023-01-08 02:37:12',62.53,83.37,104.21,997,1),
(999,'2023-01-08 02:37:12',35.08,46.77,58.46,998,1),
(1000,'2023-01-08 02:37:12',41.43,55.25,69.06,999,1),
(1001,'2023-01-08 02:37:12',55.50,74.00,92.50,1000,1),
(1002,'2023-01-08 02:37:12',63.20,84.27,105.34,1001,1),
(1003,'2023-01-08 02:37:12',54.43,72.57,90.71,1002,1),
(1004,'2023-01-08 02:37:12',49.08,65.45,81.81,1003,1),
(1005,'2023-01-08 02:37:12',36.71,48.95,61.18,1004,1),
(1006,'2023-01-08 02:37:12',55.57,74.10,92.62,1005,1),
(1007,'2023-01-08 02:37:12',49.25,65.67,82.09,1006,1),
(1008,'2023-01-08 02:37:12',43.80,58.40,73.00,1007,1),
(1009,'2023-01-08 02:37:12',43.23,57.65,72.06,1008,1),
(1010,'2023-01-08 02:37:12',30.75,41.00,51.25,1009,1),
(1011,'2023-01-08 02:37:12',55.77,74.37,92.96,1010,1),
(1012,'2023-01-08 02:37:12',50.83,67.77,84.71,1011,1),
(1013,'2023-01-08 02:37:12',42.32,56.43,70.54,1012,1),
(1014,'2023-01-08 02:37:12',48.43,64.58,80.72,1013,1),
(1015,'2023-01-08 02:37:12',63.88,85.17,106.46,1014,1),
(1016,'2023-01-08 02:37:12',36.71,48.95,61.18,1015,1),
(1017,'2023-01-08 02:37:12',50.38,67.17,83.96,1016,1),
(1018,'2023-01-08 02:37:12',47.45,63.27,79.08,1017,1),
(1019,'2023-01-08 02:37:12',44.38,59.18,73.97,1018,1),
(1020,'2023-01-08 02:37:12',53.30,71.07,88.84,1019,1),
(1021,'2023-01-08 02:37:12',43.40,57.87,72.33,1020,1),
(1022,'2023-01-08 02:37:12',61.68,82.25,102.81,1021,1),
(1023,'2023-01-08 02:37:12',45.88,61.17,76.46,1022,1),
(1024,'2023-01-08 02:37:12',62.53,83.37,104.21,1023,1),
(1025,'2023-01-08 02:37:12',42.95,57.27,71.59,1024,1),
(1026,'2023-01-08 02:37:12',48.66,64.88,81.10,1025,1),
(1027,'2023-01-08 02:37:12',31.02,41.37,51.71,1026,1),
(1028,'2023-01-08 02:37:12',35.30,47.07,58.84,1027,1),
(1029,'2023-01-08 02:37:12',62.75,83.67,104.58,1028,1),
(1030,'2023-01-08 02:37:12',37.33,49.77,62.21,1029,1),
(1031,'2023-01-08 02:37:12',45.65,60.87,76.09,1030,1),
(1032,'2023-01-08 02:37:12',49.76,66.35,82.93,1031,1),
(1033,'2023-01-08 02:37:12',62.53,83.37,104.21,1032,1),
(1034,'2023-01-08 02:37:12',36.73,48.98,61.22,1033,1),
(1035,'2023-01-08 02:37:12',50.66,67.55,84.43,1034,1),
(1036,'2023-01-08 02:37:12',36.22,48.30,60.37,1035,1),
(1037,'2023-01-08 02:37:12',34.65,46.20,57.75,1036,1),
(1038,'2023-01-08 02:37:12',41.72,55.62,69.53,1037,1),
(1039,'2023-01-08 02:37:12',39.80,53.07,66.33,1038,1),
(1040,'2023-01-08 02:37:12',36.71,48.95,61.18,1039,1),
(1041,'2023-01-08 02:37:12',53.53,71.37,89.21,1040,1),
(1042,'2023-01-08 02:37:12',56.76,75.68,94.60,1041,1),
(1043,'2023-01-08 02:37:12',36.98,49.31,61.64,1042,1),
(1044,'2023-01-08 02:37:12',39.82,53.10,66.37,1043,1),
(1045,'2023-01-08 02:37:12',50.83,67.77,84.71,1044,1),
(1046,'2023-01-08 02:37:12',34.97,46.62,58.28,1045,1),
(1047,'2023-01-08 02:37:12',43.17,57.57,71.96,1046,1),
(1048,'2023-01-08 02:37:12',51.75,69.00,86.25,1047,1),
(1049,'2023-01-08 02:37:12',40.72,54.30,67.87,1048,1),
(1050,'2023-01-08 02:37:12',46.10,61.47,76.83,1049,1),
(1051,'2023-01-08 02:37:12',61.46,81.95,102.43,1050,1),
(1052,'2023-01-08 02:37:12',52.91,70.55,88.18,1051,1),
(1053,'2023-01-08 02:37:12',43.17,57.57,71.96,1052,1),
(1054,'2023-01-08 02:37:12',49.48,65.97,82.46,1053,1),
(1055,'2023-01-08 02:37:13',34.48,45.98,57.47,1054,1),
(1056,'2023-01-08 02:37:13',44.35,59.13,73.91,1055,1),
(1057,'2023-01-08 02:37:13',49.25,65.67,82.08,1056,1),
(1058,'2023-01-08 02:37:13',54.43,72.57,90.71,1057,1),
(1059,'2023-01-08 02:37:13',36.93,49.25,61.56,1058,1),
(1060,'2023-01-08 02:37:13',33.95,45.27,56.59,1059,1),
(1061,'2023-01-08 02:37:13',38.47,51.30,64.12,1060,1),
(1062,'2023-01-08 02:37:13',44.64,59.52,74.41,1061,1),
(1063,'2023-01-08 02:37:13',29.90,39.87,49.83,1062,1),
(1064,'2023-01-08 02:37:13',39.13,52.17,65.21,1063,1),
(1065,'2023-01-08 02:37:13',51.05,68.07,85.08,1064,1),
(1066,'2023-01-08 02:37:13',37.82,50.43,63.04,1065,1),
(1067,'2023-01-08 02:37:13',66.62,88.83,111.04,1066,1),
(1068,'2023-01-08 02:37:13',54.88,73.17,91.46,1067,1),
(1069,'2023-01-08 02:37:13',46.55,62.07,77.58,1068,1),
(1070,'2023-01-08 02:37:13',45.20,60.27,75.33,1069,1),
(1071,'2023-01-08 02:37:13',32.23,42.98,53.72,1070,1),
(1072,'2023-01-08 02:37:13',57.63,76.85,96.06,1071,1),
(1073,'2023-01-08 02:37:13',46.83,62.45,78.06,1072,1),
(1074,'2023-01-08 02:37:13',43.46,57.95,72.43,1073,1),
(1075,'2023-01-08 02:37:13',39.79,53.05,66.31,1074,1),
(1076,'2023-01-08 02:37:13',37.60,50.13,62.67,1075,1),
(1077,'2023-01-08 02:37:13',42.56,56.75,70.93,1076,1),
(1078,'2023-01-08 02:37:13',47.00,62.67,78.33,1077,1),
(1079,'2023-01-08 02:37:13',51.28,68.37,85.46,1078,1),
(1080,'2023-01-08 02:37:13',47.67,63.57,79.46,1079,1),
(1081,'2023-01-08 02:37:13',37.55,50.07,62.58,1080,1),
(1082,'2023-01-08 02:37:13',58.53,78.05,97.56,1081,1),
(1083,'2023-01-08 02:37:13',36.48,48.63,60.79,1082,1),
(1084,'2023-01-08 02:37:13',27.51,36.68,45.85,1083,1),
(1085,'2023-01-08 02:37:13',44.98,59.97,74.96,1084,1),
(1086,'2023-01-08 02:37:13',53.98,71.97,89.96,1085,1),
(1087,'2023-01-08 02:37:13',28.57,38.10,47.62,1086,1),
(1088,'2023-01-08 02:37:13',34.67,46.23,57.79,1087,1),
(1089,'2023-01-08 02:37:13',42.71,56.95,71.19,1088,1),
(1090,'2023-01-08 02:37:13',42.95,57.27,71.58,1089,1),
(1091,'2023-01-08 02:37:13',42.39,56.52,70.66,1090,1),
(1092,'2023-01-08 02:37:13',34.65,46.20,57.75,1091,1),
(1093,'2023-01-08 02:37:13',46.73,62.30,77.88,1092,1),
(1094,'2023-01-08 02:37:13',52.63,70.17,87.71,1093,1),
(1095,'2023-01-08 02:37:13',43.62,58.17,72.71,1094,1),
(1096,'2023-01-08 02:37:13',38.23,50.97,63.71,1095,1),
(1097,'2023-01-08 02:37:13',45.26,60.35,75.43,1096,1),
(1098,'2023-01-08 02:37:13',44.80,59.73,74.67,1097,1),
(1099,'2023-01-08 02:37:13',45.43,60.57,75.71,1098,1),
(1100,'2023-01-08 02:37:13',39.37,52.50,65.62,1099,1),
(1101,'2023-01-08 02:37:13',37.33,49.77,62.21,1100,1),
(1102,'2023-01-08 02:38:24',44.38,59.18,73.97,1101,1),
(1103,'2023-01-08 02:38:24',42.30,56.40,70.50,1102,1),
(1104,'2023-01-08 02:38:24',43.28,57.71,72.14,1103,1),
(1105,'2023-01-08 02:38:24',30.11,40.15,50.19,1104,1),
(1106,'2023-01-08 02:38:24',33.07,44.10,55.12,1105,1),
(1107,'2023-01-08 02:38:24',52.87,70.50,88.12,1106,1),
(1108,'2023-01-08 02:38:24',49.30,65.73,82.17,1107,1),
(1109,'2023-01-08 02:38:24',36.51,48.68,60.85,1108,1),
(1110,'2023-01-08 02:38:24',29.31,39.08,48.85,1109,1),
(1111,'2023-01-08 02:38:24',44.48,59.30,74.12,1110,1),
(1112,'2023-01-08 02:38:24',68.38,91.17,113.96,1111,1),
(1113,'2023-01-08 02:38:24',55.78,74.37,92.96,1112,1),
(1114,'2023-01-08 02:38:24',42.73,56.97,71.21,1113,1),
(1115,'2023-01-08 02:38:24',55.12,73.50,91.87,1114,1),
(1116,'2023-01-08 02:38:24',45.20,60.27,75.33,1115,1),
(1117,'2023-01-08 02:38:24',34.74,46.33,57.91,1116,1),
(1118,'2023-01-08 02:38:24',42.73,56.97,71.21,1117,1),
(1119,'2023-01-08 02:38:24',39.11,52.15,65.19,1118,1),
(1120,'2023-01-08 02:38:24',60.78,81.05,101.31,1119,1),
(1121,'2023-01-08 02:38:24',33.11,44.15,55.18,1120,1),
(1122,'2023-01-08 02:38:24',43.62,58.17,72.71,1121,1),
(1123,'2023-01-08 02:38:24',43.17,57.57,71.96,1122,1),
(1124,'2023-01-08 02:38:24',51.04,68.05,85.06,1123,1),
(1125,'2023-01-08 02:38:24',57.80,77.07,96.33,1124,1),
(1126,'2023-01-08 02:38:24',36.73,48.98,61.22,1125,1),
(1127,'2023-01-08 02:38:24',51.28,68.37,85.46,1126,1),
(1128,'2023-01-08 02:38:24',43.51,58.01,72.51,1127,1),
(1129,'2023-01-08 02:38:24',37.50,50.00,62.50,1128,1),
(1130,'2023-01-08 02:38:24',46.35,61.80,77.25,1129,1),
(1131,'2023-01-08 02:38:24',45.20,60.27,75.34,1130,1),
(1132,'2023-01-08 02:38:24',53.52,71.37,89.21,1131,1),
(1133,'2023-01-08 02:38:24',60.30,80.40,100.50,1132,1),
(1134,'2023-01-08 02:38:24',38.44,51.25,64.06,1133,1),
(1135,'2023-01-08 02:38:24',45.20,60.27,75.34,1134,1),
(1136,'2023-01-08 02:38:24',47.25,63.00,78.75,1135,1),
(1137,'2023-01-08 02:38:24',43.85,58.47,73.08,1136,1),
(1138,'2023-01-08 02:38:24',43.62,58.17,72.71,1137,1),
(1139,'2023-01-08 02:38:24',45.26,60.35,75.43,1138,1),
(1140,'2023-01-08 02:38:24',42.61,56.81,71.01,1139,1),
(1141,'2023-01-08 02:38:24',35.75,47.67,59.58,1140,1),
(1142,'2023-01-08 02:38:24',37.55,50.07,62.58,1141,1),
(1143,'2023-01-08 02:38:24',47.06,62.75,78.43,1142,1),
(1144,'2023-01-08 02:38:24',39.17,52.23,65.29,1143,1),
(1145,'2023-01-08 02:38:24',45.60,60.80,76.00,1144,1),
(1146,'2023-01-08 02:38:24',47.50,63.33,79.16,1145,1),
(1147,'2023-01-08 02:38:24',46.33,61.77,77.21,1146,1),
(1148,'2023-01-08 02:38:24',40.76,54.35,67.93,1147,1),
(1149,'2023-01-08 02:38:24',42.17,56.23,70.28,1148,1),
(1150,'2023-01-08 02:38:24',43.00,57.33,71.67,1149,1),
(1151,'2023-01-08 02:38:24',32.15,42.87,53.58,1150,1),
(1152,'2023-01-08 02:38:24',52.18,69.57,86.96,1151,1),
(1153,'2023-01-08 02:38:24',48.58,64.77,80.96,1152,1),
(1154,'2023-01-08 02:38:24',44.61,59.48,74.35,1153,1),
(1155,'2023-01-08 02:38:24',47.28,63.05,78.81,1154,1),
(1156,'2023-01-08 02:38:24',38.45,51.27,64.08,1155,1),
(1157,'2023-01-08 02:38:24',36.03,48.05,60.06,1156,1),
(1158,'2023-01-08 02:38:24',29.08,38.78,48.47,1157,1),
(1159,'2023-01-08 02:38:24',49.78,66.38,82.97,1158,1),
(1160,'2023-01-08 02:38:24',37.33,49.77,62.21,1159,1),
(1161,'2023-01-08 02:38:24',56.45,75.27,94.09,1160,1),
(1162,'2023-01-08 02:38:24',42.73,56.97,71.21,1161,1),
(1163,'2023-01-08 02:38:24',30.01,40.01,50.01,1162,1),
(1164,'2023-01-08 02:38:24',43.63,58.17,72.71,1163,1),
(1165,'2023-01-08 02:38:24',37.99,50.65,63.31,1164,1),
(1166,'2023-01-08 02:38:24',42.13,56.18,70.22,1165,1),
(1167,'2023-01-08 02:38:24',27.77,37.02,46.28,1166,1),
(1168,'2023-01-08 02:38:24',44.80,59.73,74.67,1167,1),
(1169,'2023-01-08 02:38:24',39.35,52.47,65.58,1168,1),
(1170,'2023-01-08 02:38:24',44.38,59.18,73.97,1169,1),
(1171,'2023-01-08 02:38:24',49.48,65.97,82.46,1170,1),
(1172,'2023-01-08 02:38:24',38.98,51.98,64.97,1171,1),
(1173,'2023-01-08 02:38:24',42.27,56.37,70.46,1172,1),
(1174,'2023-01-08 02:38:24',52.23,69.63,87.04,1173,1),
(1175,'2023-01-08 02:38:24',50.65,67.53,84.42,1174,1),
(1176,'2023-01-08 02:38:24',42.33,56.45,70.56,1175,1),
(1177,'2023-01-08 02:38:24',52.46,69.95,87.43,1176,1),
(1178,'2023-01-08 02:38:24',50.38,67.17,83.96,1177,1),
(1179,'2023-01-08 02:38:24',44.25,59.00,73.75,1178,1),
(1180,'2023-01-08 02:38:24',37.55,50.07,62.59,1179,1),
(1181,'2023-01-08 02:38:24',47.78,63.71,79.64,1180,1),
(1182,'2023-01-08 02:38:24',53.75,71.67,89.59,1181,1),
(1183,'2023-01-08 02:38:24',53.48,71.30,89.12,1182,1),
(1184,'2023-01-08 02:38:24',40.48,53.97,67.46,1183,1),
(1185,'2023-01-08 02:38:24',38.53,51.38,64.22,1184,1),
(1186,'2023-01-08 02:38:24',54.20,72.27,90.34,1185,1),
(1187,'2023-01-08 02:38:24',58.76,78.35,97.93,1186,1),
(1188,'2023-01-08 02:38:24',45.43,60.57,75.71,1187,1),
(1189,'2023-01-08 02:38:24',40.50,54.00,67.50,1188,1),
(1190,'2023-01-08 02:38:24',38.85,51.80,64.75,1189,1),
(1191,'2023-01-08 02:38:24',58.98,78.65,98.31,1190,1),
(1192,'2023-01-08 02:38:24',57.35,76.47,95.58,1191,1),
(1193,'2023-01-08 02:38:24',42.77,57.03,71.29,1192,1),
(1194,'2023-01-08 02:38:24',57.62,76.83,96.04,1193,1),
(1195,'2023-01-08 02:38:24',67.27,89.70,112.12,1194,1),
(1196,'2023-01-08 02:38:24',47.90,63.87,79.84,1195,1),
(1197,'2023-01-08 02:38:24',52.90,70.53,88.17,1196,1),
(1198,'2023-01-08 02:38:24',36.90,49.20,61.50,1197,1),
(1199,'2023-01-08 02:38:24',52.85,70.47,88.08,1198,1),
(1200,'2023-01-08 02:38:24',50.15,66.87,83.58,1199,1),
(1201,'2023-01-08 02:38:24',49.25,65.67,82.09,1200,1),
(1202,'2023-01-08 02:38:24',35.35,47.13,58.91,1201,1),
(1203,'2023-01-08 02:38:24',38.96,51.95,64.93,1202,1),
(1204,'2023-01-08 02:38:24',51.30,68.40,85.50,1203,1),
(1205,'2023-01-08 02:38:24',39.35,52.47,65.59,1204,1),
(1206,'2023-01-08 02:38:24',43.63,58.17,72.71,1205,1),
(1207,'2023-01-08 02:38:24',40.31,53.75,67.18,1206,1),
(1208,'2023-01-08 02:38:24',45.06,60.08,75.10,1207,1),
(1209,'2023-01-08 02:38:24',52.84,70.45,88.06,1208,1),
(1210,'2023-01-08 02:38:24',45.65,60.87,76.09,1209,1),
(1211,'2023-01-08 02:38:24',49.05,65.40,81.75,1210,1),
(1212,'2023-01-08 02:38:24',43.85,58.47,73.08,1211,1),
(1213,'2023-01-08 02:38:24',38.06,50.75,63.43,1212,1),
(1214,'2023-01-08 02:38:24',55.82,74.43,93.04,1213,1),
(1215,'2023-01-08 02:38:24',51.81,69.08,86.35,1214,1),
(1216,'2023-01-08 02:38:24',51.30,68.40,85.50,1215,1),
(1217,'2023-01-08 02:38:24',43.22,57.63,72.04,1216,1),
(1218,'2023-01-08 02:38:24',41.91,55.88,69.85,1217,1),
(1219,'2023-01-08 02:38:24',51.90,69.20,86.50,1218,1),
(1220,'2023-01-08 02:38:24',60.95,81.27,101.59,1219,1),
(1221,'2023-01-08 02:38:24',35.98,47.97,59.96,1220,1),
(1222,'2023-01-08 02:38:24',46.10,61.47,76.83,1221,1),
(1223,'2023-01-08 02:38:24',61.93,82.58,103.22,1222,1),
(1224,'2023-01-08 02:38:24',45.71,60.95,76.18,1223,1),
(1225,'2023-01-08 02:38:24',38.95,51.93,64.91,1224,1),
(1226,'2023-01-08 02:38:24',45.93,61.25,76.56,1225,1),
(1227,'2023-01-08 02:38:24',38.00,50.67,63.33,1226,1),
(1228,'2023-01-08 02:38:24',51.05,68.07,85.08,1227,1),
(1229,'2023-01-08 02:38:24',27.65,36.87,46.08,1228,1),
(1230,'2023-01-08 02:38:24',35.36,47.15,58.93,1229,1),
(1231,'2023-01-08 02:38:24',38.00,50.67,63.33,1230,1),
(1232,'2023-01-08 02:38:24',60.50,80.67,100.83,1231,1),
(1233,'2023-01-08 02:38:24',43.80,58.40,73.00,1232,1),
(1234,'2023-01-08 02:38:24',35.53,47.37,59.21,1233,1),
(1235,'2023-01-08 02:38:24',57.63,76.85,96.06,1234,1),
(1236,'2023-01-08 02:38:24',48.21,64.28,80.35,1235,1),
(1237,'2023-01-08 02:38:24',52.01,69.35,86.68,1236,1),
(1238,'2023-01-08 02:38:24',39.35,52.47,65.58,1237,1),
(1239,'2023-01-08 02:38:24',29.34,39.12,48.91,1238,1),
(1240,'2023-01-08 02:38:24',44.30,59.07,73.83,1239,1),
(1241,'2023-01-08 02:38:24',47.67,63.57,79.46,1240,1),
(1242,'2023-01-08 02:38:24',39.58,52.77,65.96,1241,1),
(1243,'2023-01-08 02:38:24',53.08,70.77,88.46,1242,1),
(1244,'2023-01-08 02:38:24',57.62,76.83,96.04,1243,1),
(1245,'2023-01-08 02:38:24',28.83,38.45,48.06,1244,1),
(1246,'2023-01-08 02:38:24',46.83,62.45,78.06,1245,1),
(1247,'2023-01-08 02:38:24',61.93,82.58,103.22,1246,1),
(1248,'2023-01-08 02:38:24',40.25,53.67,67.09,1247,1),
(1249,'2023-01-08 02:38:24',55.33,73.77,92.21,1248,1),
(1250,'2023-01-08 02:38:24',62.53,83.37,104.21,1249,1),
(1251,'2023-01-08 02:38:24',28.43,37.91,47.39,1250,1),
(1252,'2023-01-08 02:38:24',47.96,63.95,79.93,1251,1),
(1253,'2023-01-08 02:38:25',54.67,72.90,91.12,1252,1),
(1254,'2023-01-08 02:38:25',47.23,62.97,78.71,1253,1),
(1255,'2023-01-08 02:38:25',41.91,55.88,69.85,1254,1),
(1256,'2023-01-08 02:38:25',28.77,38.37,47.96,1255,1),
(1257,'2023-01-08 02:38:25',45.83,61.10,76.38,1256,1),
(1258,'2023-01-08 02:38:25',49.33,65.78,82.22,1257,1),
(1259,'2023-01-08 02:38:25',53.13,70.85,88.56,1258,1),
(1260,'2023-01-08 02:38:25',37.15,49.53,61.91,1259,1),
(1261,'2023-01-08 02:38:25',43.63,58.17,72.71,1260,1),
(1262,'2023-01-08 02:38:25',38.85,51.80,64.75,1261,1),
(1263,'2023-01-08 02:38:25',49.70,66.27,82.84,1262,1),
(1264,'2023-01-08 02:38:25',54.67,72.90,91.12,1263,1),
(1265,'2023-01-08 02:38:25',49.70,66.27,82.83,1264,1),
(1266,'2023-01-08 02:38:25',45.02,60.03,75.04,1265,1),
(1267,'2023-01-08 02:38:25',47.08,62.78,78.47,1266,1),
(1268,'2023-01-08 02:38:25',38.76,51.68,64.60,1267,1),
(1269,'2023-01-08 02:38:25',36.90,49.20,61.50,1268,1),
(1270,'2023-01-08 02:38:25',28.16,37.55,46.93,1269,1),
(1271,'2023-01-08 02:38:25',31.98,42.63,53.29,1270,1),
(1272,'2023-01-08 02:38:25',46.61,62.15,77.68,1271,1),
(1273,'2023-01-08 02:38:25',54.45,72.60,90.75,1272,1),
(1274,'2023-01-08 02:38:25',54.08,72.11,90.14,1273,1),
(1275,'2023-01-08 02:38:25',47.67,63.57,79.46,1274,1),
(1276,'2023-01-08 02:38:25',39.58,52.77,65.96,1275,1),
(1277,'2023-01-08 02:38:25',46.10,61.47,76.83,1276,1),
(1278,'2023-01-08 02:38:25',42.73,56.97,71.21,1277,1),
(1279,'2023-01-08 02:38:25',57.35,76.47,95.58,1278,1),
(1280,'2023-01-08 02:38:25',34.63,46.17,57.71,1279,1),
(1281,'2023-01-08 02:38:25',51.04,68.05,85.06,1280,1),
(1282,'2023-01-08 02:38:25',34.42,45.90,57.37,1281,1),
(1283,'2023-01-08 02:38:25',44.38,59.18,73.97,1282,1),
(1284,'2023-01-08 02:38:25',51.45,68.60,85.75,1283,1),
(1285,'2023-01-08 02:38:25',29.40,39.20,49.00,1284,1),
(1286,'2023-01-08 02:38:25',45.20,60.27,75.33,1285,1),
(1287,'2023-01-08 02:38:25',47.27,63.03,78.79,1286,1),
(1288,'2023-01-08 02:38:25',58.36,77.81,97.26,1287,1),
(1289,'2023-01-08 02:38:25',48.34,64.45,80.56,1288,1),
(1290,'2023-01-08 02:38:25',39.17,52.23,65.29,1289,1),
(1291,'2023-01-08 02:38:25',60.30,80.40,100.50,1290,1),
(1292,'2023-01-08 02:38:25',29.68,39.57,49.46,1291,1),
(1293,'2023-01-08 02:38:25',42.73,56.97,71.21,1292,1),
(1294,'2023-01-08 02:38:25',53.08,70.77,88.46,1293,1),
(1295,'2023-01-08 02:38:25',46.10,61.47,76.83,1294,1),
(1296,'2023-01-08 02:38:25',51.11,68.15,85.18,1295,1),
(1297,'2023-01-08 02:38:25',49.88,66.50,83.12,1296,1),
(1298,'2023-01-08 02:38:25',43.90,58.53,73.16,1297,1),
(1299,'2023-01-08 02:38:25',41.36,55.15,68.94,1298,1),
(1300,'2023-01-08 02:38:25',55.77,74.37,92.96,1299,1),
(1301,'2023-01-08 02:38:25',58.25,77.67,97.08,1300,1);
/*!40000 ALTER TABLE `tariffs` ENABLE KEYS */;
UNLOCK TABLES;

--
-- Table structure for table `tickets`
--

DROP TABLE IF EXISTS `tickets`;
/*!40101 SET @saved_cs_client     = @@character_set_client */;
/*!40101 SET character_set_client = utf8 */;
CREATE TABLE `tickets` (
  `id` int(11) NOT NULL AUTO_INCREMENT,
  `fName` varchar(25) NOT NULL,
  `surname` varchar(25) NOT NULL,
  `gender` enum('M','F') NOT NULL,
  `age` int(11) NOT NULL,
  `checkedIn` int(11) DEFAULT NULL,
  `client_id` int(11) NOT NULL,
  `flight_id` int(11) NOT NULL,
  `seatLinha` char(1) NOT NULL,
  `seatCol` int(11) NOT NULL,
  `luggage_1` int(11) DEFAULT NULL,
  `luggage_2` int(11) DEFAULT NULL,
  `receipt_id` int(11) NOT NULL,
  `tariff_id` int(11) NOT NULL,
  `tariffType` enum('economic','normal','luxury') NOT NULL,
  PRIMARY KEY (`id`),
  KEY `fk_employeeTicket_id` (`checkedIn`),
  KEY `fk_clientTicket_id` (`client_id`),
  KEY `fk_flight_id` (`flight_id`),
  KEY `fk_luggage_1` (`luggage_1`),
  KEY `fk_luggage_2` (`luggage_2`),
  KEY `fk_receipt_id` (`receipt_id`),
  KEY `fk_tariff_id` (`tariff_id`),
  CONSTRAINT `fk_clientTicket_id` FOREIGN KEY (`client_id`) REFERENCES `clients` (`user_id`),
  CONSTRAINT `fk_employeeTicket_id` FOREIGN KEY (`checkedIn`) REFERENCES `employees` (`user_id`),
  CONSTRAINT `fk_flight_id` FOREIGN KEY (`flight_id`) REFERENCES `flights` (`id`),
  CONSTRAINT `fk_luggage_1` FOREIGN KEY (`luggage_1`) REFERENCES `configs` (`id`),
  CONSTRAINT `fk_luggage_2` FOREIGN KEY (`luggage_2`) REFERENCES `configs` (`id`),
  CONSTRAINT `fk_receipt_id` FOREIGN KEY (`receipt_id`) REFERENCES `receipts` (`id`),
  CONSTRAINT `fk_tariff_id` FOREIGN KEY (`tariff_id`) REFERENCES `tariffs` (`id`)
) ENGINE=InnoDB AUTO_INCREMENT=2 DEFAULT CHARSET=latin1 COLLATE=latin1_swedish_ci;
/*!40101 SET character_set_client = @saved_cs_client */;

--
-- Dumping data for table `tickets`
--

LOCK TABLES `tickets` WRITE;
/*!40000 ALTER TABLE `tickets` DISABLE KEYS */;
/*!40000 ALTER TABLE `tickets` ENABLE KEYS */;
UNLOCK TABLES;

--
-- Table structure for table `user`
--

DROP TABLE IF EXISTS `user`;
/*!40101 SET @saved_cs_client     = @@character_set_client */;
/*!40101 SET character_set_client = utf8 */;
CREATE TABLE `user` (
  `id` int(11) NOT NULL AUTO_INCREMENT,
  `username` varchar(255) NOT NULL,
  `auth_key` varchar(32) NOT NULL,
  `password_hash` varchar(255) NOT NULL,
  `password_reset_token` varchar(255) DEFAULT NULL,
  `email` varchar(255) NOT NULL,
  `status` smallint(6) NOT NULL DEFAULT 10,
  `created_at` int(11) NOT NULL,
  `updated_at` int(11) NOT NULL,
  `verification_token` varchar(255) DEFAULT NULL,
  PRIMARY KEY (`id`),
  UNIQUE KEY `username` (`username`),
  UNIQUE KEY `email` (`email`),
  UNIQUE KEY `password_reset_token` (`password_reset_token`)
) ENGINE=InnoDB AUTO_INCREMENT=149 DEFAULT CHARSET=utf8mb3 COLLATE=utf8mb3_unicode_ci;
/*!40101 SET character_set_client = @saved_cs_client */;

--
-- Dumping data for table `user`
--

LOCK TABLES `user` WRITE;
/*!40000 ALTER TABLE `user` DISABLE KEYS */;
INSERT INTO `user` VALUES
(8,'luis','UUGz4EqDqQcUY87SvGGPujiMwaqHyYND','$2y$13$T/TbVbbb81Wh7t5UsW.IDuMY9GZtGFydF.GMADQ4Ak3N1X6dO080K',NULL,'luis@gmail.com',10,1673029667,1673029667,'l-POmtb4rTvteWOjWdXt12ZyoqvMPgrq_1673029667'),
(9,'stepha','L9bsHRhuxSngbv5UCfra8344bbPUBgpN','$2y$13$O1pu/DpeqIH3jYvqC0XCjOyo/27DLY/4./KzqCLm.aHMo4NEDJ/Kq',NULL,'stepha@gmail.com',10,1673029669,1673029669,'y4ksOPaAO__9nrouxmQKlketHzUbWL_U_1673029669'),
(10,'martie','djsnVDluvqF34d9mkbrn5OqoL46jQaAT','$2y$13$iRuAsDgc3IZPpsO4V7hFmOIPFt3CqmUzAnTbx0ybXfGgbz8k.d6ze',NULL,'martie@gmail.com',10,1673029670,1673029670,'quF95MmxePEmYcsD3oLgXisRGa_LIrFS_1673029670'),
(11,'lenardo','4cNCuT-XTiXoWQVGwt2IE00Cnu8lJtvD','$2y$13$f.DrRemijt7JZ5ZuppCWSemfqhpELcu0Lk4euqZNUcfwpYrYtXEwa',NULL,'lenardo@gmail.com',10,1673029671,1673029671,'mh_uQMHTGV9AZYW4LqU8ObzoWyU22Lt9_1673029671'),
(12,'reggy','YLHXrSPFkaO9ogT28wV4md-DLa5gKPjn','$2y$13$12DLFU2ofI0bmE2Hd3R8W./d/RgxmIcMyM4CPXXEkIuJD85hjF./m',NULL,'reggy@gmail.com',10,1673029673,1673029673,'qZXMWF7uZqZPF4RbJcFncqDZsk_eBfuH_1673029673'),
(13,'evvie','US0O-VDzpirfVuyZ3ZgZTDV8yzGviSND','$2y$13$4EBiLGqOEkplJa0F7gA/C.X3TE5YMQXtd9XnByJuSWMve8xENEiiy',NULL,'evvie@gmail.com',10,1673029674,1673029674,'6t7Yx90M_WsnEHeJ2G4vJwlfEevgaNZc_1673029674'),
(14,'chad','uQnqe41JwhiaSCMgp8LYdSUOsCUOHgZv','$2y$13$KOTyb1pvYs3rV7Kj3FL2KulU7VcXAYQT1nQHKrf5mke6LFbpLIUSS',NULL,'chad@gmail.com',10,1673029675,1673029675,'f-YIuRFJyEPpdJN7DtEhNDm_exgC_TBf_1673029675'),
(15,'hanny','LVN6unqqTyK6GfgusMPELtDYLyTae53c','$2y$13$nY3UkRCKmwEkhG8BjwiVGukm1w4L5PGsORprKTlSWXKojduNOhE5G',NULL,'hanny@gmail.com',10,1673029677,1673029677,'7iZHyQE7dtdiS0ucmbQibCq04G_DmpZf_1673029677'),
(16,'bidget','OkSYQZJcQsEIsXlHNkabGQIxJHLWlBwr','$2y$13$CNKjrRG6LEa3.pb6fGmmTujdbO8ao5kvQqjPXcRCTWVUKO70dj8P2',NULL,'bidget@gmail.com',10,1673029678,1673029678,'GqkcAi1yW3V5-wOBxPSM-SnTla8-oTMO_1673029678'),
(17,'karyn','zFiVc7CS1hkHq5WqgTNo9PmCEshhgyiH','$2y$13$QDxPrxAWtsGjw38yst/rC.FKtCNNkt8lGePxecjCVH46MW5FCQjCe',NULL,'karyn@gmail.com',10,1673029679,1673029679,'2fMYIS3Qs05blOnsmzVKcAyJ5mLix1O2_1673029679'),
(18,'theodore','pCe-ibCgi6uloXRF0rO-o4aRo-U5Mdh-','$2y$13$TqqjbfvVeE/k0XQowJcGQeV2qgLIIsKj38AhvnrJVi6UYOxsvDLMS',NULL,'theodore@gmail.com',10,1673029681,1673029681,'kKdc2VtK-7PmbG3Zd6pICnGwGgHfNpUb_1673029681'),
(19,'don','LBDFHlnTQqqi55to2t9Kh1oQVLbzWBBS','$2y$13$u.S06k683fqc02fMN4Li2Od7AWDM4hDZvVV7Aem1Mo6br.yszcM.u',NULL,'don@gmail.com',10,1673029682,1673029682,'A0e7pbUoZzbQEee0ksiq5dn2Vk4g1tDI_1673029682'),
(20,'benn','hTahFI3sggyrN6GLc3ejxlc6FCD5hlTh','$2y$13$KriSNwi3W7Bqh7uEP0xig.1Bda0zyw2zh.NL9lDTvudzuLuopYpFK',NULL,'benn@gmail.com',10,1673029683,1673029683,'sAczC2cP1v0JdGrWPnnOP_V2Xc50H0j5_1673029683'),
(21,'jaquelin','14iHsIdKtdN4_Kj35G-tHY2U6aEndKd9','$2y$13$em1ghZhgnA5RWFEkZEhtsuS7A3aLnY63CBfcYCP5v19vkI9.rIRaO',NULL,'jaquelin@gmail.com',10,1673029684,1673029684,'OUW9WhYYhaGLmyS8lQGjvYQ9KNf4Y9N2_1673029684'),
(22,'margie','gP96PgUuVGGB-5Qnq6RQ4f5pwxX-BLjH','$2y$13$ByElLuMaKn6U7cVTiiAIzO7GE8K9SK90EFfFZS6gjvrLMTSN1Zzne',NULL,'margie@gmail.com',10,1673029686,1673029686,'wia5qWeNOMtOGYkItoDw1R98dWPI_x7t_1673029686'),
(23,'donall','J90fgd_7gUSz0lCqHAmSj1nv7emwEBf2','$2y$13$4dQbs4sVq/j7WtKgc5jz.ebF9FSBFhrv8T2PS642dlRMdlgPeCnvy',NULL,'donall@gmail.com',10,1673029687,1673029687,'gs7U5ZYc1EVSRGbKdRN84TPsNeupcljR_1673029687'),
(24,'angil','DKNhEs0dQgxGWoC4oStA7mBZZI7n_QK_','$2y$13$LnRZv9RfkHOvS/HxSXzlv.TiCt9cetWWhkxbcaHhtLTOjC9y5r3jW',NULL,'angil@gmail.com',10,1673029688,1673029688,'2IqG-f19WbjmqJkanZ6scffhuyapBLpb_1673029688'),
(25,'zedekiah','qa4kW0Ip2S7GsuqiGusj4OzAyGJD61yr','$2y$13$Ci4FjRNfs5roxYNLHeJHwOvm8zgean4UPgHgOmbvAX5yxJ146rNoO',NULL,'zedekiah@gmail.com',10,1673029690,1673029690,'BHJ1_g25ggkYhRGlGe2dalBp025aTV_n_1673029690'),
(26,'derwin','bLgFGrv7882x-vp7_qnY-BWrKTy_eIv0','$2y$13$gQe.mZYC.5Gs653U39PZYuKKfXsTqv/0kxf1R0FCR.HDIYKXjteWK',NULL,'derwin@gmail.com',10,1673029691,1673029691,'2zl8l-d5isXHC2ARJoixg0JyepUwukxA_1673029691'),
(27,'ailene','rU3_kKc7CqtCLm2BAPFyk6fGtIvEPz-A','$2y$13$bpiSQeK83pBtLN9QTyUOwe2SUkAkzq/x01msCTmJmhyeJ.uk.6Omu',NULL,'ailene@gmail.com',10,1673029692,1673029692,'IDYnDa-ooMtCWGZZMzq72NQf67Fh2sRv_1673029692'),
(28,'georgie','GgPTovOd3wAXSaeUzXJaiDZuTGPtsULj','$2y$13$k5BdHp4n/g4MDiowNYsL2eYI7Xy8knSkPJJs.tl4hLFZeUGwaMyGO',NULL,'georgie@gmail.com',10,1673029801,1673029801,'A29KHqS9X8YqGdaVgX9-04_Y-s2d6asZ_1673029801'),
(29,'griffin','w8lFKnH5d-yVHHdPZEF6b6W_WGbgHXmv','$2y$13$3uZCu4Zf6lRKR7wOy7IYeeIqRtyCZ3b9/dIvK42a/7wlKIJLuxrmm',NULL,'griffin@gmail.com',10,1673029802,1673029802,'Hz9WNpZePLXL38Ox9AU8yTOLn5NaJnzC_1673029802'),
(30,'lorrin','QsSzZ2BaAYGuzFd0mCOHkk8JuaBJttIl','$2y$13$pV5vt2y03y7Cips3Di1Zeuyf9twDLWyHXZvaCwMdPMdh/yEeLu51a',NULL,'lorrin@gmail.com',10,1673029803,1673029803,'Wk7dEzLNdQ4PMu7zjdjCwqFTtrxdpGnq_1673029803'),
(31,'arvin','mN57ODfGq0VLHs3SNYAUnoKtQW40IE-F','$2y$13$6yXd5VuN9w1872NRRgfoYecyfkRnkF3JzbRJRxgRg9z/o6Y4lXa1W',NULL,'arvin@gmail.com',10,1673029805,1673029805,'mYCndRQnmkGdAZRCdFKfnljtFaCzWcjT_1673029805'),
(32,'edyth','I3zqQYtvTnEQu2Ho2wqQ_b_HyiTIY-Mx','$2y$13$lArTJM5jDBjL2GYymeb77uV1UX85OiiWC/aa.O9iYl04m4LK0wNT2',NULL,'edyth@gmail.com',10,1673029806,1673029806,'TFpkKAktjKejtEyhUKgvD_8BnuApK6sB_1673029806'),
(33,'alecia','sUtL3CrBl28oOy4oBU-RD0AySu_Toug_','$2y$13$E0L1tZaw3m4WVZsbBZX.uOhN36M6cvyvsjWd/CK5UysYycp9PgBBW',NULL,'alecia@gmail.com',10,1673029807,1673029807,'2mZOA2-hPGECw-OTiXB43BjKEmBiM25r_1673029807'),
(34,'malinda','WHIjDG1NoQVMqaTcO5C915xRyUwTN8zh','$2y$13$Jdoys8Ndqcudf3J8fryqN.QaBzT4R5TtHn2eFx3Y4NBC1sD0OeyiW',NULL,'malinda@gmail.com',10,1673029808,1673029808,'-qay73tfK8iWCPtK9ACJYjs8msMbzKvN_1673029808'),
(35,'lane','ZD8DNTDDHlfKZf88DXK4vNhMriNsGazT','$2y$13$q8sCP7/oK8rp6xVFiOkaR.VL.lRpttfG5qA7XLFlsruEoIHM5352S',NULL,'lane@gmail.com',10,1673029810,1673029810,'3SpKY-8zw-_wA7XnozoQzlx5GucUMC6y_1673029810'),
(36,'barth','7CqeTntx9OoX4hDrlbG2Y7i2yEFfUily','$2y$13$HeOfjLBNcaPxqIp99YAxROKp2fR4tvVyklvQ1rQWqEeqmHYGdSZOW',NULL,'barth@gmail.com',10,1673029811,1673029811,'Wc6IhBAfOpLvhEFsbrSLOJtmSP036COV_1673029811'),
(37,'cirillo','FaSaDsUoKURh9gGc14KdzliWlYSXVQdC','$2y$13$CkSjVJZLmV.n5VuL77nGReFJvHe.lqFMI5kbxrsPcxa64.P2x.UtS',NULL,'cirillo@gmail.com',10,1673029812,1673029812,'pi2tHONRY-Gh3E4RHc25UM73IAhwY_Qz_1673029812'),
(38,'alexina','K2tAbeLdq9aq20lR6UkDn8M7XcyRcoVJ','$2y$13$.LGROMJbVLNzXhNqcfpoluj0RfaNyHgI89kBdAAEYR4iFf4YKYWwu',NULL,'alexina@gmail.com',10,1673029813,1673029813,'kAvsWNiWwPZ-XifbmzkuUqQhgc_9DRnZ_1673029813'),
(39,'abba','oLu_9pt7MwbQ5cSVsmQSpBD1FLRy18hp','$2y$13$OU5Yy30z1NtlI.v2RtWaD.EVGf/TILe34rtLIuZ71/87T/2roD.Ym',NULL,'abba@gmail.com',10,1673029815,1673029815,'_L1ApX2ZV1phrUce2wVzbIdPMls95EmO_1673029815'),
(40,'sibyl','NmswCPwlFJDQK-ZQmEuYyXX5vuxvpgxc','$2y$13$r3kI73KunTmrTmjFZv2NvOQJMNd0kl7vlF4ody4VIHln1RVsWcxX.',NULL,'sibyl@gmail.com',10,1673029816,1673029816,'rsrp6-KcsqkDJ67lJ3rhTefCj6mRxMhz_1673029816'),
(41,'olwen','Zj2NdyZy1CWFo8VFqWEl-tSArhS_wqBw','$2y$13$ZOU.Vp9XoZLphFFBkVksYOj3xIRdgDFtIUKPtEPRbJL5kwId4LLGW',NULL,'olwen@gmail.com',10,1673029817,1673029817,'dTQHENdQqNKSk6QRaEt55OIfKVxYzK1f_1673029817'),
(42,'osbourne','RCpgXwBKfT20xI5lYKp29H-wV-hlkVYm','$2y$13$yUvxcMer/GhnHWZ9LVKMBOKVAfr3P6WGYgWj7wREZLchKdXBuoP5C',NULL,'osbourne@gmail.com',10,1673029819,1673029819,'cgwC6MaNVoeBYAPsPfINAUdpJuuTMTQO_1673029819'),
(43,'germain','v7RoC79Ut9fOec-DlPlMiamfTmIa9ksY','$2y$13$bdwp6lIkMYqPXxh7znzCCeVnrHzVx06OiZKjXOYppXivgsPS8xMdC',NULL,'germain@gmail.com',10,1673029820,1673029820,'TTkwWxs2f7dCZgOnQkDt91xd1vI442hP_1673029820'),
(44,'patty','_cIpI0Jqq1kV-IvcIP6DKhJaO-I5J-tF','$2y$13$FFI3y5cbmC1fxeuyBrluIun3sh1PyTPtEqJcOYIyJdf2EJ.11gyBa',NULL,'patty@gmail.com',10,1673029821,1673029821,'RVUHnZN5VFPeOEUOA4Xd7cDvvtlF55lW_1673029821'),
(45,'leann','SBNA5J88YnWPMyQPAPTnjL6GMKD0nl3s','$2y$13$nquOTsHARnEup5JeyOb8COvvoDU1p/uqeTIDkvSkaD0wDHFyMwFFm',NULL,'leann@gmail.com',10,1673029822,1673029822,'fNmPLOCP0bRvt8FAR0x7OsAWQ_Vdrq21_1673029822'),
(46,'stanly','eYoS0EXOISlBlhH5fqrEkCFbgjukkpiQ','$2y$13$KcYO9ybjWz7LnFEHRatl7.og.NoiuCFsnLJgrEW3/CcJsS7KJMDNq',NULL,'stanly@gmail.com',10,1673029824,1673029824,'BPLE47-NApzWiSIuPHOIZPNhxOhNOBXH_1673029824'),
(47,'brandais','WLU39vRBl3ICoP7FoXstcaOEENVVTolP','$2y$13$QyDurMcny817HbMDWgQALe1K63Il6ENP8OXlEvh7Ooi3eyd.jXG.q',NULL,'brandais@gmail.com',10,1673029825,1673029825,'1wtoxvwHMxzTFNeWNLCFDVOcCxPy6z7p_1673029825'),
(48,'paolina','91odnqloO8GeHnpUHyrjIU-__z1_GlCT','$2y$13$Dvl1KioaFx8hpj0bcydNYulTITwy2nkuaO2shIGf4wSNvV7Lk2gZq',NULL,'paolina@gmail.com',10,1673029880,1673029880,'xnZzBFX06GDBNRfL9txUaNPKLDgbCoAq_1673029880'),
(49,'harmony','7jsLJuUHNEeMPaZ-bHwtUwYp13uvT7-t','$2y$13$N7TEro/Xz.ddItbQmeIgVehGdNU7IeM8RmaiKQhiZ1qjfkKPM2rba',NULL,'harmony@gmail.com',10,1673029881,1673029881,'0NSAE2mJ1ZZ6rAFkXTZWoqISGNqhyiI6_1673029881'),
(50,'nani','-j2fM5Lo-f5JZqxnZeG246xdX0DcObts','$2y$13$zZ.Iaeb4DSjzcB7ehWMOl.cLMxSZt/.ePFaPUYjP1zYjipEmuY.my',NULL,'nani@gmail.com',10,1673029883,1673029883,'xyX6hIcJBMZPEC44P-V3ebhL565-5Mvb_1673029883'),
(51,'edwina','18IQVtou7q8AEZSah8-ZXTS2EBtrnpRQ','$2y$13$JcqqMeg8OhcZ9ycy/jP5tu.czwoolXZ7mtGHMUa3rA3oqRN/78/em',NULL,'edwina@gmail.com',10,1673029884,1673029884,'Ho6GCUoeuawiq33k-MaYKY8T8aPEpScg_1673029884'),
(52,'thor','AdSEv3aIuuHS4wFxD5ELD36Q3WRya469','$2y$13$5kwsQVki4boq/qAdlYRsse97J9EKKAG2hGavFA3PotZbUZIJqcc7G',NULL,'thor@gmail.com',10,1673029885,1673029885,'BeL7moTleHbqpJyMd9quKHrZzqq5kq8-_1673029885'),
(53,'riccardo','bJAl_M18UIMSVLfWXuJhFEDxIjxhjAj7','$2y$13$qNkhZ8H6sa61UDxh.V5AtuoEfNprnXsVQsT6rSwaBwEvWt1uTqswi',NULL,'riccardo@gmail.com',10,1673029886,1673029886,'xeNikPXfGgbyH8zJG3agUQHAtCC0Gh8C_1673029886'),
(54,'cosetta','b77vOwjIpy25eF10aqrgrB1yHpU7JCOs','$2y$13$NjnrySnCKcFVkPd0D4TaGuJWU8T7wJiS2e4lTnn36o7nGvsociZjO',NULL,'cosetta@gmail.com',10,1673029888,1673029888,'IFEN_o7O1kMY9EejHDWJSoAbTBRXLuH4_1673029888'),
(55,'lara','rDSGsO2iETlbEQvfutRJNaHWZOsYf-f9','$2y$13$ZRSfamD1g2edOJc5.X/lGugDYRbu5FBwQCBEAElN8LYK7tRz8RS5a',NULL,'lara@gmail.com',10,1673029889,1673029889,'gd_h35UZT7-FHiAI49-VYjScj_dIV0gW_1673029889'),
(56,'gretel','0xQ1JGjgKx0JMCOfmgvir58Hm5BWb9g9','$2y$13$qD/iGu6Nunnv42XPy7vDqekZF/soiIicgf2xE4q0fFiRuFTR9j4/K',NULL,'gretel@gmail.com',10,1673029890,1673029890,'ASIP3jdMFXTToawDV8diOi-rlu3u64pJ_1673029890'),
(57,'talbert','XM39YtJaj4WNljtWW3rxroRYWwsqGVEn','$2y$13$HgTxdjfMzsVnRZVhQ.baWelO.uUiBMwno6/AEEupRKMMNG1rHoSem',NULL,'talbert@gmail.com',10,1673029891,1673029891,'tXEBPvq0bewjSr4Admllf3T2iWO2I3YM_1673029891'),
(58,'ezechiel','JvF-w4dMT9xJMyG1oZeh8KUv5hsRog03','$2y$13$swZY4w3G9fW6Q7Bf7As/zOL1aWmHK0HlmZzQKK1YcjS2cVMrFVN1.',NULL,'ezechiel@gmail.com',10,1673029893,1673029893,'0fxb0gvq3XC33h4B1IlvGVkPuKZ7EuvF_1673029893'),
(59,'nicol','BXp2oSLMxHPV0m41Qb-xXlHlJHy1DU3Q','$2y$13$D1lA4lsPfmiiChSPBQHVHOb/aBzAoTRWq2vyVRkTBBPeJ72m2N6Rm',NULL,'nicol@gmail.com',10,1673029894,1673029894,'FESs0IM2DAYkiHsU_K1he50jDC5GyefQ_1673029894'),
(60,'kelby','UYLUBeglfWfgTj15Y1TeeBNoLIEjWFgi','$2y$13$iPiqJUAVqvXSGYtnwVfXCOabt3Gn01QZnPWDZXE5XhzvHtZVC3122',NULL,'kelby@gmail.com',10,1673029895,1673029895,'_WLeGSww9M2Zg4FbdUX7lCOZ55xoiIx-_1673029895'),
(61,'jennifer','cPD-jfCLMtiGCR9rJkQ72vDZC5XaIHCv','$2y$13$V7Y68UqT1rRfbIWijpAdmu4QYwATJdtz5VccMP.31s7gYRVtgfynu',NULL,'jennifer@gmail.com',10,1673029897,1673029897,'qC1Xc_fxTSXEBLZ-RSkJljb4wYt8Dq1q_1673029897'),
(62,'shandee','1m_-VqvczD3Lbu1xK3d2EWux8IwiTkJn','$2y$13$s4dH/Dmb.0F/6IU8UT4cU.AQLprRyY0wO52UlSr3BpL45pKa4DT.2',NULL,'shandee@gmail.com',10,1673029898,1673029898,'kor8rczRnqrEwjYjDadLJHHU0zjAmhUF_1673029898'),
(63,'vinson','XA9yc0VZsT1N2rS5WSz9DEE-52i7_soB','$2y$13$WOtysLTKMsU.BA31MzTIN.MXFLNVoLUxyIIHYhR.BaAdDeVBQlJX6',NULL,'vinson@gmail.com',10,1673029899,1673029899,'HRqiqkN4RgjzFcDE3DC2hG8L3OJ47inV_1673029899'),
(64,'belicia','-Fr0N3z-71P25xjqHujQ-2n1GUSH5mm1','$2y$13$X1oxNrs6VnzYRenihOhv0ul82Xr/k1NyMHv4REdp.D3/KWk7pOS7a',NULL,'belicia@gmail.com',10,1673029900,1673029900,'N-nXG4Om4nNvG0iCq_5DzsNxhj15va2K_1673029900'),
(65,'jaclin','DajF2PPB4mdLA7UEva1X7VZfEwV9_Rdy','$2y$13$sXipASo5MLXZCjZT4LOFAekGS6j2YJwYUzwEKtWHraJUoAdijz5qu',NULL,'jaclin@gmail.com',10,1673029902,1673029902,'RWVpkGmwOG6fdcOtxJ6aBkjHFY1J-Upk_1673029902'),
(66,'andree','j0dVwmtR5lgc-qj9Us9mVfRoUEzaaI3d','$2y$13$GES4dHSxCYK3WP087j5Sp.2y11KWmKYkOP1EPAc.MKmRYWQSEBSsu',NULL,'andree@gmail.com',10,1673029903,1673029903,'21tjCmgwNjPs8dI_pa0ie980vEo5PVlW_1673029903'),
(67,'louis','DiNG7uswX-TR8w-6BDkDNDNMbJ4uv3Vz','$2y$13$aHUrYS.xlFW9rPu1uTQPkuSCUxFgKjhbWVUCTwnA4Qm5ulg2T2K7q',NULL,'louis@gmail.com',10,1673029904,1673029904,'aeBwkPonCa_iQR4icc5J_s-DFoCF4IYw_1673029904'),
(68,'diogo','JJwyitu1U2WFUw_NNbvZpP267AqX0TTe','$2y$13$bJjb7oTwfMrDqR7AWbXkWOBC6U.RP3fSHynSEJd7FX0XFan3fN8bC',NULL,'diogo@gmail.com',10,1673030049,1673030049,'0c7zTtCrlB2bOwypvkP_82jwLGR80i7w_1673030049'),
(69,'quintina','a8GhNToR5Nr458lerONrChZJmyrFFa-a','$2y$13$/h8aH1k0EQ3jdvvFYBSfOOauY/EIKM0VjreSC6Af6apyYFoT1UhDa',NULL,'quintina@gmail.com',10,1673030050,1673030050,'0MM9a6qRjiFc2xcau5E3LOSySoYUKKZJ_1673030050'),
(70,'pieter','5WjDcP_BaCfYpMPs_Q6IsaOqq_hQj_sh','$2y$13$klGaqD6VavYgKX7LayAmWetUcOSZnfx4MCj0MQz4OvZGh1I5IlyiK',NULL,'pieter@gmail.com',10,1673030051,1673030051,'b_p9C2BNx8h8jdB7gJJjKA8zHK4VM0oH_1673030051'),
(71,'calypso','IFJVqufk_dN1gr0XlaZLwl1HEmrx25zt','$2y$13$fGDvYSfeiPjhbrNig0DXseaCexc5tkvSfrYvNIGSYw2U6zYYCA1Z2',NULL,'calypso@gmail.com',10,1673030052,1673030052,'F84r-lnlYYFZd50JOSsn3o7C9UVh8fFh_1673030052'),
(72,'dougie','L6A84jHm6_1p875klW6GRnNZKMfSLftG','$2y$13$fUVhXuGQ6kJEx/CrIir.AOvFrZwxlSdU856bX4RkfMaFq.uFW5qKK',NULL,'dougie@gmail.com',10,1673030054,1673030054,'SdDie6RK80_EsQ1KnQp6aAZu0DWNOiHP_1673030054'),
(73,'natka','t5vrYHM2-iGqkyjyKTan7iHe-XtM3nbL','$2y$13$gvnBlWTRhg/Vph8i1KB5BuN5Cj3mImPp9mA01uU7Fkm18JwWdacT.',NULL,'natka@gmail.com',10,1673030055,1673030055,'UjNHsBIm79y4NCHRe-8IBh9PdWRI13nv_1673030055'),
(74,'titus','ib4eFKFN9agv23EsYHbYCbvnvNp45N-H','$2y$13$9IaVT5W0BQNCmbthTODh0e9aZGmEYm8fEeNmVrn8ynjVQObwf1uGK',NULL,'titus@gmail.com',10,1673030056,1673030056,'3_lvKU4JNGNuQenELQ2cQZQGnp8dp0h3_1673030056'),
(75,'chaim','jZ-mjgU0luAL86k6usvUxNVWXB_lzmyf','$2y$13$2eZtDi0P.5xQcSKsionWke.gwRmtxksLLL.nwwFd1oL0zcqIluC/G',NULL,'chaim@gmail.com',10,1673030058,1673030058,'TmDkW1WbYvuFHRVvn5lzIhszeBTZSNU4_1673030058'),
(76,'merill','ZiY4BHH7VH-DWuw0ZH1GIJKD0yUXeIWC','$2y$13$VW8wAEfiGCpY74hmcVFJg.mxraTJWxU4C15JHolAXmR9LwP42PDsS',NULL,'merill@gmail.com',10,1673030059,1673030059,'SjC27P2OhkMWwrHfpz6WeQP8tLAcbQ0p_1673030059'),
(77,'tuckie','o6pbuX5ZyOtY4-u_XsFRom5nuQazRqK_','$2y$13$TMzSfbrwymgd4a0SEx/Cn.DVNIoig.SXUnYN157KvL/stL8yd4Amy',NULL,'tuckie@gmail.com',10,1673030060,1673030060,'vW1aKfmwfa7vCIAGkzEjCalo31NZ3jTn_1673030060'),
(78,'aldric','_2XPDfLXKD8NEv-KMCz945u9wsDKR65k','$2y$13$5FkKcnMkPu/m5MTwIZ1aaORJokVxsXxwDQUwS7B1h398vPwTFiolW',NULL,'aldric@gmail.com',10,1673030061,1673030061,'iezM1blM1tX75kLon-QY6KLoaHp0A_Zk_1673030061'),
(79,'ignazio','BlpPjIAckWeiTJHebViPkoW5NeSBATJF','$2y$13$Tl34I/e2GS8Ve2MPrkpuV.ReTbASXqNeVkS.uMn0IFrzp0fLuEKA2',NULL,'ignazio@gmail.com',10,1673030063,1673030063,'AdmWEr_D9WSyg3isu9Jgs1ETCD3go2Jf_1673030063'),
(80,'valerye','pa2pzZ3crxNCeSG7dmOjiFm0pv1tVJmt','$2y$13$Ni.X937l2i7Ka9/UbyITVeCM5p.y7hdRbwVb6pb8JHvkxJAdlFYZW',NULL,'valerye@gmail.com',10,1673030064,1673030064,'DCMgp63RdOxqdkP26Q-VvTy8wUpRwRSe_1673030064'),
(81,'imogen','M-BHHeWksnn4WzNKDj5Wm8BWIr3Nt2Cc','$2y$13$QCPE5DJDZrCmtCVSExxSneuTQ5yO2WzzGbzSxYlgeA856/R9NlZy2',NULL,'imogen@gmail.com',10,1673030065,1673030065,'g6HXvcpJX_lg_h8PhO1pQeMJxrvtP634_1673030065'),
(82,'ellyn','0eZHx4LD_vRxeZkhZeXY0SCuccaW1yTm','$2y$13$CbZxGIlhlOkb8a.f0mBcUuFIh6qh5PkNBf8efuitN/i/FLMwvTlfm',NULL,'ellyn@gmail.com',10,1673030066,1673030066,'-B_PN4UICAbyTLYkEFAptnuIaI6Zdgu6_1673030066'),
(83,'thorsten','Yw6sxh9Fsuaqw9kWF4tjS6XqSrppX3P9','$2y$13$cxBI9Pjp6U5YWnl/GfZPpuPA8sQK05N0fakx2lLOBNdPRpsecUHZy',NULL,'thorsten@gmail.com',10,1673030068,1673030068,'5vJIM_a50g7fegsx5OX97892hUH60lMx_1673030068'),
(84,'town','wtBBWs__WrYd_N7wzSa5xP1NONX8TmwX','$2y$13$6Ye5DpIRv9Om7evZ1q4mguSYZSBDY0dnmYAUbY7MspX9ZE1msZP3a',NULL,'town@gmail.com',10,1673030069,1673030069,'lawpyv8bWd7QwGdz0aBKGKkPmyhJHhB2_1673030069'),
(85,'kirk','uHCkWerQkSwMUDdSo_9iH2H0rnoZ9hL4','$2y$13$XfEFKEsfcGOMooLwVjj8Hua.i/oOoaaosPgp3S5fDshOoLkULx3im',NULL,'kirk@gmail.com',10,1673030070,1673030070,'fEV6I6kl8W5FsWRWK-lb7VVKyDYfcYkE_1673030070'),
(86,'schuyler','dEXB0U4KQTLKVqBpYigffqK0emDaG464','$2y$13$sx2uuF0qpoBel0b8y692TOE1U1uS0l75ga/5aJcVvV9N4FFMLowgu',NULL,'schuyler@gmail.com',10,1673030072,1673030072,'rnH1WVgO9RZsxeQ1xifiCs-E6Mk4nmrl_1673030072'),
(87,'andreana','lXimbVz7FcBeKWqknunb2g8LSJG1HZa0','$2y$13$OrD2/sJJQf/y9HmTlUShXel6/hWfcQnvIe11NbTYnb506Ai17LiuO',NULL,'andreana@gmail.com',10,1673030073,1673030073,'FhuBfWRFuDfFHdAUW5iSJAZ9tTEklabo_1673030073'),
(88,'baily','9my9czalTQbaiOC3e01w158lf27rKZy-','$2y$13$6Vd74u666ChJgNKQyv5LDOaI/6aZqY4ONJPA1YlRfk7gEU43eVWy2',NULL,'baily@gmail.com',10,1673030184,1673030184,'CGnp1UVZyDY1ppgWsYCpVO6WGy7iHZB9_1673030184'),
(89,'wilow','6yd4sYFefD8S7i9xu8FeeAMJIOrp671j','$2y$13$CZyKzBN5yUau4f6t3lx9eO5NLARYfhdVhpPCNHZ.PjSzX0evlwgUG',NULL,'wilow@gmail.com',10,1673030186,1673030186,'fD8nj3uT8jFryv5rwV17Rx79do2ml_vF_1673030186'),
(90,'kenn','oO4S1AzafP1zEhsmZ4Y422tLUmvD4HFe','$2y$13$id6TLQiogk6tk/3eVyoAeew3y/gkF6U2L9aItdwTCezfRu90jGDWW',NULL,'kenn@gmail.com',10,1673030187,1673030187,'I34aFmpNDmRfbOibom4CBosDUOxo966w_1673030187'),
(91,'kev','OHENg79uebrkaX4RQjsWtkg_35QwcTkU','$2y$13$XTDQPz64a7oqXqrpE47PjeeozC3SOyjgFN2EfZDJIKUTjQpSObXx6',NULL,'kev@gmail.com',10,1673030188,1673030188,'hP3ISQuYrLpvoAQa3d-hXMX_xllSBVYm_1673030188'),
(92,'rozella','D4vpCCZhtrvO_CPxNvppPfMy9MUsKh4z','$2y$13$rtJt346rp9zuZcQaWlsfz.D7xlm29dUuAvHkMD2038pkIk8MehQQa',NULL,'rozella@gmail.com',10,1673030190,1673030190,'NzawgeawWDMDxTb9gW8TexK7xKAxJtLW_1673030190'),
(93,'mildred','vJ4KOhjtIsDVrmFdTpqw4WFumCNYILI9','$2y$13$r7SxnlkwDEkzx/1vrRzfEuEu3.Mpkx7Qby9dc6UMpnibS1YkVZXva',NULL,'mildred@gmail.com',10,1673030191,1673030191,'ghX2kq42m_-cWWgqwSMbhAzqxwY8cEzQ_1673030191'),
(94,'bonny','39OKJwgDsNEvR-tweDV4n9wXiWSXS-0H','$2y$13$JFwYEfkbK1utQsG8XFfFIexcjR0RXF3Jr2AaHJncKsCZg5155OzOe',NULL,'bonny@gmail.com',10,1673030192,1673030192,'15RDTWTT2gT3qdK-kSGUwD9_w_Ed3kTd_1673030192'),
(95,'melony','KsBkaJcY_xn-fHBeN1ZTI-BlOUD0EKY-','$2y$13$iFQPd3gFq.fori/NljjVDuq7ms0lFkRgvBLRGAzO5/bxzcAMmpwoq',NULL,'melony@gmail.com',10,1673030194,1673030194,'mvYCvzi-nIg8hBPtUJJCTZAxOhv9E38a_1673030194'),
(96,'aprilette','UOHHmPb54ai83hLHx1vXJxjjqe1ndYEz','$2y$13$b36W/yHtOiahP4WXQvOH/.lsfGv/8Z6CcVw39bbQ9Gr072K5Vd0yO',NULL,'aprilette@gmail.com',10,1673030195,1673030195,'WK0p-M6Pv20FO_ZnYgmev4UgN2bJSQOz_1673030195'),
(97,'elinore','MVQ4-C1uhQwxq5FCU70jzuZgBtrLswBH','$2y$13$trQivDPNePTgIUqTHUjOIOOHgavn.LB8ul5DcGtMNlXQRUjyRZ4bC',NULL,'elinore@gmail.com',10,1673030196,1673030196,'s82_re78h-QTgjIhaKxAlvAOpVsC9g15_1673030196'),
(98,'dulciana','6o4DY3Gc1J56m_8Ef5yhpUDFy1uM7pTE','$2y$13$LufYBGLf5frYKXeJ.QNzxOJ4mpR4L.TEV/CRdgSiTQzflP.hOAqe.',NULL,'dulciana@gmail.com',10,1673030198,1673030198,'yfaCgzy3Kv0cU6u4yLppwOaZXWZfnNp-_1673030198'),
(99,'donia','z7Ixy0oggas2nv6fQb7Qt_e3DejvhiCn','$2y$13$xZAvt8q7zEnj97X5i6yvH.xBcvoJMxaYlkykiphJ1iNdctd10rBSW',NULL,'donia@gmail.com',10,1673030199,1673030199,'AI3PO713SUc3pq9ieah1zSaM9dvXfwHJ_1673030199'),
(100,'abraham','Bag-1C4SW_SMLGai8oT0xDrB2CNlvTK5','$2y$13$uzG3RW.5/YeGisRp4jL5feaU1vxZ19zPHv9tESON/Dq3HGUYzGtCm',NULL,'abraham@gmail.com',10,1673030200,1673030200,'1NU-JPFdpAQjepVWloaS47OtkV_mvO4u_1673030200'),
(101,'gerty','c1gL3lJ0tjiczdJSsn4PV9SAyJRtaTy3','$2y$13$9JGmV7uWxBe3sa4gRVTGOuKZihR2.S7iV88DfeCztQlLB4DzKgLri',NULL,'gerty@gmail.com',10,1673030201,1673030201,'Emh_bzSD9AwI7JvucgQWQN_iGEA6aU_T_1673030201'),
(102,'barbi','oA5KUiQWmn5-JE2XYDRX_5NbbYjKJ1ct','$2y$13$PiDE3at5EjR8WBwCfMKE/.rbSF8mgXKyrmUE/TDrD4mhoG2qkpuIm',NULL,'barbi@gmail.com',10,1673030203,1673030203,'CaVgRTAI8jbM2nIi9Rpax-Q5yHQF-bWx_1673030203'),
(103,'hall','QsuiardbmQ6a7b38ZCE4MLTuhoTByli5','$2y$13$EgA0Xq3xWcoJbvId8mRX/eBtPhPzAcmoPolBtQQ.dgmeV4WWyBv9C',NULL,'hall@gmail.com',10,1673030204,1673030204,'dzXbhoeAgwZGJCc0cYqWoNRVFouiSKUe_1673030204'),
(104,'tiler','dl214ZwsViWP4ynXNlylKGBTFqH-dV8V','$2y$13$R8bML3We0wcu821Cmh0vR.5Zg8cl2vvRojF7ausHxjB93HYLgL1Ki',NULL,'tiler@gmail.com',10,1673030205,1673030205,'p66pO2DKdpVXl_aTVeV9aQfLHmglh0uF_1673030205'),
(105,'rod','cVF-eQXcqKwGuPWyC0QyAhrkbSQ9mXaR','$2y$13$XEspBmtExjAnNkEvNJ.Qj.GpdWxUtn4FV3Whgq7MFp..hGbO5GYL.',NULL,'rod@gmail.com',10,1673030207,1673030207,'K6TvcNgcEuS-wlKkgUCWZZoHdR9mqSQ4_1673030207'),
(106,'brunhilda','pdQAFLXsePnNOF2mf-VDgyeNmVAWtgSC','$2y$13$dCds.WsDNmFWFiUvTOAtLu0RtCpdxFpkG7Az0mAbc5Ww0bNj6Y6Jm',NULL,'brunhilda@gmail.com',10,1673030208,1673030208,'OzG2EN7Dz4likHjWDAqXOCWcHLHVlGzO_1673030208'),
(107,'sandy','kCzZOJ14GzlsRUU0nH2kye8yQmd57iX7','$2y$13$8J1PVwVQCVUEw2afb.hEkeDeFh8wYuOseNYpZCzxoQl1PnA59vaUe',NULL,'sandy@gmail.com',10,1673030209,1673030209,'DgpsPhgo8KZyW1i0K5M8O9yvFC9CTRyz_1673030209'),
(108,'hyacintha','5cUbb-gamg_ppNvoGd0fjrtde_63yE6Y','$2y$13$wKF8nNvyzEaMC/hmzo4yeeq/74hJfBOQxFbacT5QKjJQHExcizasa',NULL,'hyacintha@gmail.com',10,1673030280,1673030280,'P0Ty4d-OdvBm7hWWBoZRuJGbRZpUnJdF_1673030280'),
(109,'kristine','9ZwyWaq92PYopoT0UUsvEXeR5XFZj11D','$2y$13$L7t49KzlAuCZQhNtck1Coe1yKmSKAECLvBDVkDFJnEua3eKHnpbCa',NULL,'kristine@gmail.com',10,1673030281,1673030281,'ZPjhQTM06zFIbsfXIiN2fRWxwy1UWBWw_1673030281'),
(110,'innis','z3le8k8UxFMY4QEG443K_O0UQBqViPNC','$2y$13$N.g/wxi83NJvtochcOTXRe.tJRuEuOkehjYHcetJm91lRR.QgGPhy',NULL,'innis@gmail.com',10,1673030283,1673030283,'hlVGCirI2WmRRj1XeJmRgTTkzxlOvBNV_1673030283'),
(111,'delmer','_5UYn20sonWV3Q4ZgNN2qVv84IqB2FmU','$2y$13$1Qe52kNWP96wp/cR//eUDeNQgL6lIZ58Pu1M2gZRZRhhTPODWgk/y',NULL,'delmer@gmail.com',10,1673030284,1673030284,'nBx7xyV8arFbL8vHURuF1-_OTbfb0lNq_1673030284'),
(112,'marlane','B0fIB14Co1e91xaqdtuj1YY4uyZw3YZR','$2y$13$v2Vs8aW8ghLYTHzsjh2bmeHsk7JjdMnJgeIyQPOhj1HGWARWCOrGO',NULL,'marlane@gmail.com',10,1673030285,1673030285,'Ah1uasNCyEL8dc4dnSprDc2YounuftBM_1673030285'),
(113,'opaline','mFH6QjIVVplYzmhBE1O6olueQ4lv9V-I','$2y$13$cta1ZWyYZlA3HEa.n0Vpiek1y.4KUtzJCCGLbLOBeHLsUsljDFtjq',NULL,'opaline@gmail.com',10,1673030286,1673030286,'jvq4JPEmpr6D_N2NyhaoPU7Nmae9aYmW_1673030286'),
(114,'tobiah','ACNqTxQNWAh8bAH4OIidFXkB10eduvxN','$2y$13$zN/L/sGwnesX9JslLyy2ium/wBxUJb7CEzjMotuj20Mn/cdlf8OYC',NULL,'tobiah@gmail.com',10,1673030288,1673030288,'t16LNRS2n8xa8CMl8B7yZiBcY1WPChte_1673030288'),
(115,'graeme','vFbhaJSRyvnfsypErSBJ7syM2tgArp95','$2y$13$6J3GmkEGnqCWXUp8TFvQfOGmyA38fQ2YLEN8nGqWfnI0syz0yW9QK',NULL,'graeme@gmail.com',10,1673030289,1673030289,'cZQHTYDw7zur3ejnIFfJnaHQiFCCIiWB_1673030289'),
(116,'shanon','O0VOfI7qLxCW9pvjAorcwjpi8WxIym6W','$2y$13$AHv74ixOeckzaZ/1RjMCLOxX/tPUFBjpqiQfzfVS72Bm6dGHZjsXC',NULL,'shanon@gmail.com',10,1673030291,1673030291,'osm5IJ_Y6Vv82xIDGDob88fcQmJ7wRhm_1673030291'),
(117,'ermanno','895qprbCy9rHYB8vGyevpQ3eYCebsxvo','$2y$13$kyOLoOsOaEmreGzsI25Rh.QFXvO.BrPtQSDC7n40gJCPMgz7v8aji',NULL,'ermanno@gmail.com',10,1673030292,1673030292,'ZCivALvi1A4k_A4efy5u8Xt3IGi-tXQH_1673030292'),
(118,'philippe','oabER7P3wDsgdvx7dH_BcOLw_ygIEpPY','$2y$13$ijo7c2lWaChvubFW0b.Ii.JWMAJH.iwZyW8D1uzcFUKFVMV7.ua3e',NULL,'philippe@gmail.com',10,1673030293,1673030293,'tyZMWjeWpDjXuqAqy46iaOzMcuMI_bTA_1673030293'),
(119,'addie','AcuMh4ifQWsVIi7Dg2Daa_64Bv8CRIM9','$2y$13$d3LvPkKv1Zaf5tGjiO1EsONP7owp7ZLbSsnYsJAoZ8ZPYQEKcQOLK',NULL,'addie@gmail.com',10,1673030294,1673030294,'pR3ZOqthgmIdgYC2zQkhdls5BAPePduv_1673030294'),
(120,'carole','u7XwT2dNOOIOvTVIqq9-xsPouyuihvPk','$2y$13$s/yLLtN3CFLsWB.GQ3OjuO7GsKbGOGlWozShRU5/EUA23BAhBixFO',NULL,'carole@gmail.com',10,1673030296,1673030296,'Qx11SmRudlHFfeUhVC5RY6BpyRAnO4rY_1673030296'),
(121,'lenard','SHUXhfsBvPUKQ5GtcroMrV3ixbc7aGkI','$2y$13$BWF2vOFlIJveSOxAvxREqO3uuHemhwl3W9NW9mLA14Ds4LAKkqPk6',NULL,'lenard@gmail.com',10,1673030297,1673030297,'MJefVelyMGXak5OesI5Rda4YU6L0QagT_1673030297'),
(122,'twila','UBAuA5f6X5bvgDlPb0kysEv1-1KLvdSZ','$2y$13$wOhCFCn59rOw5ZBO69NYGelo3lIF.PXWP0A4BeE6QJTUFXwViQfL2',NULL,'twila@gmail.com',10,1673030298,1673030298,'5_31feZWjfDk43iG3efF40PAgkKriOH9_1673030298'),
(123,'marcellina','ZmWX0zHlmiiwlr0MWlY3kUD1KcS9Vsa_','$2y$13$UmjUMIJOS8WKBXyVE2Mq7uggIhQIUXdcW2Lbbcy1XUUsGCFKs7PP.',NULL,'marcellina@gmail.com',10,1673030300,1673030300,'sUImVBFWh6FkN0Be-toUPCkGMKQpaU-x_1673030300'),
(124,'bryant','JOr7fo-ndK_MNbgwWS6u3oITDsuGcd_6','$2y$13$.EfQqY/RY7LDaaI7dr0l2ujqq2AaGHVPR2xMzaXi6On8UnWcacJNC',NULL,'bryant@gmail.com',10,1673030301,1673030301,'QRQWwdA5tjtIOJr7Li74rdOgdK0LIjPy_1673030301'),
(125,'gail','5S1pakxbK4oOptjydSO2YGoD2EwXOJqE','$2y$13$UyDN9vMlmnPOUR2tZREGbOdWiw8dRxwZhVS1ynIEw/fsD6zsl1Doy',NULL,'gail@gmail.com',10,1673030302,1673030302,'TtmU7WeI3wHWf39SbePMsZgY9-OXEM1U_1673030302'),
(126,'charisse','jCsqscTkBgSuaw4DZcO90gPihFjTQlMo','$2y$13$Gw..R9LgOTnof.R8lquxdubgmt/nqCQb2gN3wfm452gQ3ENLn/JhC',NULL,'charisse@gmail.com',10,1673030304,1673030304,'K51WiON07pODhfK6qVRad8CfXa-Kl-Lx_1673030304'),
(127,'rowen','x_294N6_FKlWUbNQIN2mscKGHlcUGVtu','$2y$13$Hz79KSh3WQGdZb4qsp0Jz.sBi792BQd8PRMWmFCDYpJs7VM/UY5GC',NULL,'rowen@gmail.com',10,1673030362,1673030362,'XmBjMZfA0yXdDFtyZeBZARVz47OXuhC9_1673030362'),
(128,'kriste','YkkileprtFMYLszjx2KcVdVxicuXm1tR','$2y$13$Bp3eY.q4mIJ1h4rY1h5Hw.npUBv4ZvFBfiuMHGLEmRXsL0KK6XnO.',NULL,'kriste@gmail.com',10,1673030363,1673030363,'MxwM4eW7dWO6RwIM2Jc3r_2_r8DMF_yB_1673030363'),
(129,'mitzi','hUvm-ZRU1uiYqaQ-4FYPF4j-ZihvvV9G','$2y$13$kfvH6/rprTpeggCjQJzB7.t55QptxqTRXlZbis6otBlV.fjIKmuYS',NULL,'mitzi@gmail.com',10,1673030365,1673030365,'KLR8RbP80FDtWQvjzNYcvVIazUVgd33Q_1673030365'),
(130,'reinwald','53bhnH_0eRwE4MIV1U-FihXFvQAzyKVi','$2y$13$Us0ZNGC/V/rmfCO8cnzUseSlo/DuEG1MgqfLooqgRS9yvEYSpO8aq',NULL,'reinwald@gmail.com',10,1673030366,1673030366,'Q6Iz14csTLECNbkMPJ3YjDab0b140lod_1673030366'),
(131,'ximenez','PWQCkgCYG7OXdtOf2aGgAVZTY53r1o4C','$2y$13$Dunw/fkxAAaqR/k5ZNwJhOseQKAC4mkLCr7hqnmWyFHyjBAaXsMRi',NULL,'ximenez@gmail.com',10,1673030367,1673030367,'pyt9F5tbixNWtmKyjmL3T42Wojn5GqWp_1673030367'),
(132,'ted','N94IpQk5j5CZdRRWUhCUi14G7nXPSRVL','$2y$13$8lkif6YXYuKnBabZbqNzXuzo0sk5F6sNm.ryEgzDnONC9DWb7OxXG',NULL,'ted@gmail.com',10,1673030369,1673030369,'RiZsm0Vyu7ivjZPK_6Y2awZvyc5Wa8Mw_1673030369'),
(133,'norri','NgajK01rA079EyLWxlWUs6cw0UhdR8Vk','$2y$13$sYt9/.Fs.X0/5qan0uyUL.RR0kpigA4feliRB9WFQKqGWCEOot8Ui',NULL,'norri@gmail.com',10,1673030370,1673030370,'mq1L3RbxrZRyACJRQ8Cp8t00eNsAWUvD_1673030370'),
(134,'grace','GwzTtf1PyJOfc7X8zuyxZCWOyboOzUfp','$2y$13$9iFfDuuYwolBjCSHHdeO/O4F8UvtMF8CrWh3BcEZYO13kOt9R34pW',NULL,'grace@gmail.com',10,1673030371,1673030371,'tZukoohwfzFRyxxuuYIi725ol0RRDYeF_1673030371'),
(135,'kathleen','BxghEhAhhnY3i-lUMvheKDlroCRkggX9','$2y$13$nAsZ9l9FGKekKdTRJ6kWReF6ufla61GpA.mhJf.WIzRnuWfaZ63J6',NULL,'kathleen@gmail.com',10,1673030373,1673030373,'pTTDx9Ws_0-uGkQZJHzoLaWycVF-UVxG_1673030373'),
(136,'beryl','4wk5WcBENB4pa7eD5j_xfYrSHbj6Bsue','$2y$13$LbSy5AbXMYuNoH/QOjar9.aB0nIO3bQXXFjs510g8Ky/amHQbitJK',NULL,'beryl@gmail.com',10,1673030374,1673030374,'YmAn3QWlFG1IV8CcmlE9IL7nChMfzaKA_1673030374'),
(137,'priscilla','rqg877D4OTolyIKHn0FDxMZIswQJDlgx','$2y$13$kCQhP4lwml7sPFn.pl5JI.UtQCd4TXkMAnl6R1bDKgUPQJyG/PXXK',NULL,'priscilla@gmail.com',10,1673030375,1673030375,'Xr23Muc_UWR_0CdtrIwF0HfJcYvoaqql_1673030375'),
(138,'rustie','iRC0jpnjlakHUwAvTn8VE3jUbc6VY8ez','$2y$13$urjcBJLhdhUNEl9FXgShOuVyKV2CvAYKVpYPXXKirVo6kFxjDlI4a',NULL,'rustie@gmail.com',10,1673030376,1673030376,'1Ahdf6uqE9TID66naxWkiLNxkLk39EDQ_1673030376'),
(139,'evelina','IVqjK-dTmT7fDk3T0NgabJm5-vSqCuLV','$2y$13$xXcRJ8bJKT1CFad6IfjQsuxgkL0qBuHJI/XQHjw5PmICCPtU0PoVS',NULL,'evelina@gmail.com',10,1673030378,1673030378,'1NdJqcPuahrUPtrmC3SM9q2xh_b2BKo6_1673030378'),
(140,'elisa','IWlmolHMs0wf9PdawegwVAOBYL-Uy0B3','$2y$13$cbZNqGSxkhqDN4E6gXWN8.MuDWO8.6sUxr1H/1VA93uDVrbsWm42e',NULL,'elisa@gmail.com',10,1673030379,1673030379,'yc3htUJgqLuleamEvpus99B-5OLux8LQ_1673030379'),
(141,'taylor','j-hm-LterIURkbPuE5ZR-ZqvkaTVjQ1L','$2y$13$xS5nxiIdg0g2ZoXtXliW5ObsHXopAq48ufr0f/UMWGsyD3If/2DJK',NULL,'taylor@gmail.com',10,1673030380,1673030380,'xWfhW1IOn6COSDRwfOJy8ThRPXzQ9v2__1673030380'),
(142,'hal','pA61cgSC0YkDwj2_a57-NZ1v6qWV_G_b','$2y$13$mw2.oME6t/BdYgVdz6MrION2JfT7AWJy4bq2BNVVc66pRf7BdNI26',NULL,'hal@gmail.com',10,1673030381,1673030381,'WOhxEV8Gk_Ady-q8VhdIJq1NGM0R_FlP_1673030381'),
(143,'marnia','Ur6gYtgzOr71oWErmLIJ_HOtXKFumm0M','$2y$13$O.I3PALGQYIF6CxmR6UyEekFN06jY03XBk9DDAq1pSun/U0glwed6',NULL,'marnia@gmail.com',10,1673030383,1673030383,'U_4Ya_OVklay4fkbzlIZ2AbOxzPAaZwE_1673030383'),
(144,'hilary','ZLwyPVeS91GHlRJDYccIbnQ5hGAxbGKp','$2y$13$gwOcyX7Q1gkLaxhmOJY3IeQ292ck2gQ1kRSDvZhRRMlHFO78T4TPG',NULL,'hilary@gmail.com',10,1673030384,1673030384,'--jC7f2SPw1N6AfS1P8QDkVFb12WnGzD_1673030384'),
(145,'lorine','J20KfT1OROcbFvjJqT8n4y4FOhWwjrN9','$2y$13$qEDultP0ZQMwIQz8zhl3ee4Jalnk8GNCXAEFV4ieQce25jfiZ6GPO',NULL,'lorine@gmail.com',10,1673030385,1673030385,'Ui3giIpWMQ_fJgNjC97lNp61WvweMrmC_1673030385'),
(146,'turner','qHLOo7sKuhmGpKSzv7KtKerKoMNQrPaL','$2y$13$SizhBH74TDNIWeKl3PLSbe6Ef8irQQatEVUdu7mLyFFW7xHPpqM2a',NULL,'turner@gmail.com',10,1673030387,1673030387,'_MN82_vixIn4k-H2yufkbF9x6Sv_bQBh_1673030387'),
(147,'ambrosi','3bQYrlZylhcWD037maS7HsPbDltgSXkf','$2y$13$EesUkTbrpxOGPVKl.NRIyOE5hFNZ.vnXRYjbq/RGxsv4/QUK9pPee',NULL,'ambrosi@gmail.com',10,1673030388,1673030388,'Zg4MjITpAzlek7Z_7Teo0yQiV4hJ9jaJ_1673030388'),
(148,'valenka','UT77zU_2IO4tGeWbj1va6ZU3nGdrIiXW','$2y$13$NHF59vo2KJI2f5NM2HLpA.qMjNWcIeGHWn2g3A9ZPVOtTmxGk77k.',NULL,'valenka@gmail.com',10,1673030389,1673030389,'TsUXQKFWXcQSc1_zbyH9-gEzhVSxUSZ3_1673030389');
/*!40000 ALTER TABLE `user` ENABLE KEYS */;
UNLOCK TABLES;

--
-- Table structure for table `userData`
--

DROP TABLE IF EXISTS `userData`;
/*!40101 SET @saved_cs_client     = @@character_set_client */;
/*!40101 SET character_set_client = utf8 */;
CREATE TABLE `userData` (
  `user_id` int(11) NOT NULL,
  `fName` varchar(25) NOT NULL,
  `surname` varchar(25) NOT NULL,
  `birthdate` date NOT NULL,
  `phone` varchar(9) NOT NULL,
  `nif` varchar(9) NOT NULL,
  `gender` enum('M','F') NOT NULL,
  `accCreationDate` datetime NOT NULL,
  PRIMARY KEY (`user_id`),
  UNIQUE KEY `phone` (`phone`),
  UNIQUE KEY `nif` (`nif`),
  CONSTRAINT `fk_userData_id` FOREIGN KEY (`user_id`) REFERENCES `user` (`id`)
) ENGINE=InnoDB DEFAULT CHARSET=latin1 COLLATE=latin1_swedish_ci;
/*!40101 SET character_set_client = @saved_cs_client */;

--
-- Dumping data for table `userData`
--

LOCK TABLES `userData` WRITE;
/*!40000 ALTER TABLE `userData` DISABLE KEYS */;
INSERT INTO `userData` VALUES
(8,'Luis','Silva','1979-11-28','900166439','867557855','M','2012-02-13 14:55:23'),
(9,'Stepha','Shane','1977-12-13','959569671','440256808','F','2018-12-05 07:25:37'),
(10,'Martie','Garfit','2005-03-22','994379524','447042066','F','2010-06-01 12:59:52'),
(11,'Lenardo','Stonhouse','1982-07-20','905776362','596917100','M','2008-07-03 18:13:12'),
(12,'Reggy','Stronack','1991-09-20','952085543','342972798','M','2012-10-29 03:35:45'),
(13,'Evvie','Surgey','2000-09-13','980252518','902233914','F','2012-10-01 10:49:52'),
(14,'Chad','Candy','1978-04-08','961121116','333289619','M','2019-01-30 07:37:27'),
(15,'Hanny','Ousby','1997-07-31','929602413','270401183','F','2005-11-06 12:57:17'),
(16,'Bidget','Guerri','1991-06-19','973815959','105578229','F','2020-01-16 11:48:26'),
(17,'Karyn','Vigurs','1995-05-30','948467108','945279539','F','2016-04-19 00:58:28'),
(18,'Theodore','Mercey','1984-10-12','910061005','279701748','M','2006-04-24 11:38:44'),
(19,'Don','Haldin','1978-02-22','952052262','763303109','M','2012-01-23 11:58:45'),
(20,'Benn','Winckworth','1979-11-02','987757965','580062312','M','2007-11-20 17:19:43'),
(21,'Jaquelin','Gamil','1990-03-24','960728453','953556891','F','2010-11-10 13:53:05'),
(22,'Margie','Muffett','1981-10-25','999297757','326047413','F','2011-03-01 13:21:58'),
(23,'Donall','Silversmidt','1986-06-04','960834203','529408830','M','2010-10-26 12:00:18'),
(24,'Angil','Lockie','2005-05-29','932423058','499948659','F','2014-09-03 10:28:22'),
(25,'Zedekiah','Murton','1986-09-10','972368965','811415413','M','2014-11-25 14:34:42'),
(26,'Derwin','MacAless','1998-02-02','968107764','915714889','M','2012-10-29 14:03:53'),
(27,'Ailene','Warmisham','1977-10-13','938332801','419647682','F','2015-04-12 16:35:23'),
(28,'Georgie','Ulyat','1978-04-03','906100635','944723624','M','2013-11-29 15:46:27'),
(29,'Griffin','Cinelli','1981-05-21','924942382','959523029','M','2011-01-31 15:49:43'),
(30,'Lorrin','Wormleighton','1978-11-06','977927484','704751533','F','2012-09-08 06:39:21'),
(31,'Arvin','Biaggiotti','2003-02-05','915177421','328013739','M','2006-11-26 06:27:59'),
(32,'Edyth','Coopman','2001-06-05','951367935','553838420','F','2018-12-13 13:17:44'),
(33,'Alecia','Besson','2004-07-09','996606682','695644892','F','2015-02-08 23:37:51'),
(34,'Malinda','Le Borgne','1989-11-28','939364986','553193408','F','2018-03-12 04:53:43'),
(35,'Lane','Thurlborn','1977-06-08','928378504','674306411','F','2021-03-17 08:47:49'),
(36,'Barth','Furbank','2004-04-13','915071134','192852598','M','2009-01-03 18:35:31'),
(37,'Cirillo','Pickvance','1998-11-09','925816627','948700596','M','2019-10-29 05:12:25'),
(38,'Alexina','Costin','1996-07-15','940000226','314284264','F','2017-10-05 00:31:53'),
(39,'Abba','Chapellow','1983-01-16','985940491','384125395','M','2018-02-27 17:19:19'),
(40,'Sibyl','Bottinelli','1979-06-07','924021768','663970956','F','2015-04-17 19:10:41'),
(41,'Olwen','Pyne','1995-04-29','930005921','122590753','F','2007-04-05 10:58:31'),
(42,'Osbourne','Bagworth','1995-08-23','960226819','814101095','M','2013-02-24 15:59:28'),
(43,'Germain','Edgerly','1999-06-19','974453215','472402504','M','2011-10-05 08:55:04'),
(44,'Patty','Mosley','1985-05-25','965038082','931536715','M','2009-10-23 22:49:40'),
(45,'Leann','Guidetti','1998-10-08','947704934','864560834','F','2008-05-09 21:15:58'),
(46,'Stanly','Cready','1981-06-14','939861602','630861219','M','2019-05-14 12:33:07'),
(47,'Brandais','Coakley','1997-04-26','949677920','764904930','F','2006-02-03 07:42:16'),
(48,'Paolina','Sabban','2005-08-27','921520447','365968047','F','2009-04-26 12:38:20'),
(49,'Harmony','Berthouloume','1981-05-16','963069997','906496661','F','2017-04-06 09:18:40'),
(50,'Nani','Feavyour','1997-11-14','901576566','680028554','F','2015-10-19 19:51:19'),
(51,'Edwina','Yusupov','1982-04-30','936823434','330002975','F','2008-07-29 21:38:53'),
(52,'Thor','Confait','1984-07-13','934213268','630450916','M','2007-12-29 13:40:45'),
(53,'Riccardo','Stollman','1985-10-30','959388421','560912327','M','2005-02-12 17:09:58'),
(54,'Cosetta','Tansly','1981-07-09','936623578','720362467','F','2007-04-01 02:11:14'),
(55,'Lara','Kelberman','1999-04-28','999239314','172960019','F','2020-05-17 05:54:21'),
(56,'Gretel','Swaisland','2003-04-16','976445817','722450773','F','2012-05-01 06:35:15'),
(57,'Talbert','Gabitis','2001-06-11','942625419','496781408','M','2014-11-17 00:25:05'),
(58,'Ezechiel','Oolahan','2000-09-22','930029945','817142483','M','2008-04-23 04:21:46'),
(59,'Nicol','Gebbe','1982-11-15','992017514','590411481','M','2012-10-13 17:12:50'),
(60,'Kelby','Quinn','1976-05-11','961852299','165782371','M','2009-05-02 07:00:33'),
(61,'Jennifer','Puckett','2003-08-18','919332473','888121718','F','2020-05-09 18:44:48'),
(62,'Shandee','Allright','1984-09-13','962837463','179906741','F','2021-03-20 14:13:51'),
(63,'Vinson','Sygrove','1978-02-14','963911210','490849381','M','2018-03-04 16:25:20'),
(64,'Belicia','Coupman','1985-11-15','960622226','287605925','F','2020-07-31 09:00:27'),
(65,'Jaclin','Silverstone','1991-10-29','972099262','265819222','F','2005-03-18 04:49:11'),
(66,'Andree','Morgan','2003-06-03','956114151','160774425','F','2008-08-19 01:26:33'),
(67,'Louis','Culshaw','1977-12-13','992575780','461682841','M','2014-02-11 01:58:45'),
(68,'Diogo','Pedro','2002-01-06','932840128','304959905','M','2005-07-02 15:14:16'),
(69,'Quintina','Cecere','2002-06-13','932840778','304399905','F','2019-11-02 22:08:10'),
(70,'Pieter','Ritchley','1972-07-31','972129007','306338022','M','2007-07-28 15:42:02'),
(71,'Calypso','Bush','1979-05-23','902748891','404852787','F','2011-07-01 03:47:10'),
(72,'Dougie','Panketh','1999-08-13','984233790','436268321','M','2016-10-30 01:06:57'),
(73,'Natka','Bason','1973-02-17','936191171','593122317','F','2006-04-03 07:15:14'),
(74,'Titus','Olufsen','1962-06-09','976757820','734650250','M','2021-04-29 15:58:21'),
(75,'Chaim','Belbin','2003-12-05','963094874','871973411','M','2014-01-22 08:24:01'),
(76,'Merill','Stobie','1993-10-23','926273593','833033475','M','2019-06-30 17:15:54'),
(77,'Tuckie','Berfoot','1968-06-05','950150818','640583527','M','2010-01-16 11:18:58'),
(78,'Aldric','Bovaird','2003-01-18','978950514','164035232','M','2010-03-02 08:45:04'),
(79,'Ignazio','Avann','1985-03-02','905157650','313726914','M','2019-09-22 21:11:11'),
(80,'Valerye','Alderwick','1988-07-06','943494518','667224231','F','2008-07-28 11:04:43'),
(81,'Imogen','Reiling','1974-10-05','997885212','519628586','F','2014-08-08 10:45:57'),
(82,'Ellyn','Kezourec','1963-11-05','955004435','729776958','F','2022-06-21 16:18:30'),
(83,'Thorsten','Wroughton','1994-08-29','987291996','221545575','M','2007-07-29 21:11:59'),
(84,'Town','Wenderoth','1969-08-16','931449908','208788746','M','2013-01-13 23:10:41'),
(85,'Kirk','Gristhwaite','1996-02-20','962983254','666135090','M','2016-03-28 02:01:09'),
(86,'Schuyler','Dighton','1976-07-27','935972125','724034572','M','2019-09-16 02:17:21'),
(87,'Andreana','Sieur','1980-02-14','953252696','732375633','F','2020-02-27 09:44:20'),
(88,'Baily','Filyashin','1963-10-04','915611176','929493263','M','2005-01-14 01:22:15'),
(89,'Wilow','Wingeat','2002-08-16','905029586','402838075','F','2010-09-21 20:21:39'),
(90,'Kenn','Foxten','1992-06-19','911216019','897958862','M','2009-03-30 23:38:30'),
(91,'Kev','Darque','1981-04-08','908815440','358995378','M','2021-06-22 08:17:41'),
(92,'Rozella','Kmietsch','1995-05-15','978085656','429274345','F','2021-08-20 10:37:04'),
(93,'Mildred','Tugwell','1993-12-06','978317803','177283409','F','2010-04-12 04:49:24'),
(94,'Bonny','Ritchie','2003-08-10','987282770','158427308','F','2010-07-15 03:49:48'),
(95,'Melony','Greeves','1985-09-21','939241103','984246965','F','2006-11-05 00:46:52'),
(96,'Aprilette','Argrave','1984-05-05','964440036','189230220','F','2018-09-08 15:36:35'),
(97,'Elinore','Nuzzi','1965-09-02','967823649','242037736','F','2013-04-07 04:14:27'),
(98,'Dulciana','Midford','1981-10-30','923987634','539197252','F','2017-07-24 10:02:11'),
(99,'Donia','Deeks','1967-04-29','950336507','190239156','F','2012-01-14 06:10:00'),
(100,'Abraham','Pillifant','1989-07-24','976759633','121526685','M','2008-08-24 13:09:23'),
(101,'Gerty','Mebius','1964-10-04','929990647','641633486','F','2015-03-05 09:14:37'),
(102,'Barbi','Brotherhead','1998-06-14','942963950','559279606','F','2009-01-24 19:56:26'),
(103,'Hall','Lelievre','1982-11-27','916160760','254151525','M','2020-01-26 15:18:00'),
(104,'Tiler','Kabos','1987-04-08','975164706','389649609','M','2009-12-19 16:33:35'),
(105,'Rod','Ucceli','1977-08-18','959841948','888802945','M','2012-10-31 11:42:24'),
(106,'Brunhilda','Seczyk','1967-05-31','981750531','452031768','F','2018-01-27 15:18:58'),
(107,'Sandy','Shilliday','1982-10-15','923906089','966927220','M','2011-09-04 13:37:39'),
(108,'Hyacintha','Beasant','1973-05-08','972265260','735516435','F','2020-08-07 09:08:43'),
(109,'Kristine','Babington','1970-05-08','933788197','159965230','F','2010-04-30 22:00:17'),
(110,'Innis','Sunderland','1998-07-05','909412463','582740968','M','2018-05-23 00:22:10'),
(111,'Delmer','Vogel','1987-08-01','981192001','845517127','M','2017-04-07 21:29:20'),
(112,'Marlane','Eastbrook','1981-10-05','974572089','194318892','F','2021-07-20 01:37:58'),
(113,'Opaline','Skelington','1968-08-10','950006291','468045793','F','2011-02-02 11:50:02'),
(114,'Tobiah','Hearons','1960-09-23','983851503','566676229','M','2006-09-21 20:00:16'),
(115,'Graeme','Mateev','1988-07-24','921079089','701108669','M','2013-09-18 18:32:35'),
(116,'Shanon','Dripp','1981-04-11','964689113','200750882','F','2021-03-30 13:41:01'),
(117,'Ermanno','Middle','1998-04-25','926684869','196692582','M','2012-03-20 20:30:41'),
(118,'Philippe','Kitson','1992-02-19','947375472','843024102','F','2006-05-16 17:53:54'),
(119,'Addie','Echelle','1979-11-22','939556750','464360936','M','2005-12-04 04:26:01'),
(120,'Carole','Sweed','1985-01-07','950936643','287002157','F','2018-01-17 03:47:45'),
(121,'Lenard','Sprigging','1967-10-21','982383289','430804384','M','2017-09-28 00:09:16'),
(122,'Twila','Gault','1971-09-04','966921873','213888766','F','2007-03-23 20:08:32'),
(123,'Marcellina','Tourry','1971-11-14','999509393','191735126','F','2022-01-30 17:51:21'),
(124,'Bryant','Swinley','1970-11-11','982141770','210440236','M','2018-10-26 13:24:14'),
(125,'Gail','Tezure','1980-12-29','975286483','143515185','M','2022-08-05 07:52:11'),
(126,'Charisse','Pakes','1982-06-25','968774654','757144144','F','2018-03-08 10:31:04'),
(127,'Rowen','Girdler','2001-10-10','954957711','687899255','M','2017-08-06 09:12:01'),
(128,'Kriste','Shard','1965-08-11','933078349','297514187','F','2017-02-16 14:54:51'),
(129,'Mitzi','Corley','1962-05-09','916346221','499902710','F','2021-10-30 07:03:20'),
(130,'Reinwald','Talmadge','1985-07-17','923516250','454756895','M','2018-09-12 03:37:31'),
(131,'Ximenez','Huton','1969-05-27','924567496','952124410','M','2021-09-07 22:32:45'),
(132,'Ted','Kornalik','1996-10-01','993729336','345884635','F','2018-05-30 12:03:10'),
(133,'Norri','Townrow','1960-11-07','975499608','915213550','F','2008-01-02 00:58:43'),
(134,'Grace','Lapley','1980-09-22','983799003','466235668','M','2007-10-14 10:09:59'),
(135,'Kathleen','Peepall','1970-12-13','918456757','190368956','F','2012-10-10 07:39:55'),
(136,'Beryl','Sallarie','2003-03-01','919109584','512322171','F','2010-11-24 16:14:30'),
(137,'Priscilla','Burnhard','1973-03-18','961438824','958926965','F','2012-06-16 21:06:15'),
(138,'Rustie','McKim','1992-09-25','962292662','303752021','M','2012-01-29 22:00:59'),
(139,'Evelina','Bricket','1998-04-14','957808380','688918115','F','2005-01-26 13:10:07'),
(140,'Elisa','Suthworth','1979-05-04','912859120','288109862','F','2005-09-28 03:19:29'),
(141,'Taylor','Dyett','1973-04-20','965030155','446336816','M','2019-07-06 18:21:04'),
(142,'Hal','Lenahan','1977-11-29','994528434','457383732','M','2009-10-01 00:27:25'),
(143,'Marnia','Laffan','1990-11-28','968668242','932375480','F','2007-01-06 12:11:40'),
(144,'Hilary','Siddle','1989-06-23','935105858','315483725','F','2015-07-16 18:03:27'),
(145,'Lorine','Kerley','1979-12-18','937924045','495050549','F','2020-04-02 00:20:39'),
(146,'Turner','Tavinor','1998-01-18','925762740','358297759','M','2022-04-19 08:28:01'),
(147,'Ambrosi','Buckles','1981-12-31','900526681','344176289','M','2018-12-15 16:39:36'),
(148,'Valenka','Cammidge','1989-06-03','910252228','171828132','F','2019-04-28 15:53:44');
/*!40000 ALTER TABLE `userData` ENABLE KEYS */;
UNLOCK TABLES;
/*!40103 SET TIME_ZONE=@OLD_TIME_ZONE */;

/*!40101 SET SQL_MODE=@OLD_SQL_MODE */;
/*!40014 SET FOREIGN_KEY_CHECKS=@OLD_FOREIGN_KEY_CHECKS */;
/*!40014 SET UNIQUE_CHECKS=@OLD_UNIQUE_CHECKS */;
/*!40101 SET CHARACTER_SET_CLIENT=@OLD_CHARACTER_SET_CLIENT */;
/*!40101 SET CHARACTER_SET_RESULTS=@OLD_CHARACTER_SET_RESULTS */;
/*!40101 SET COLLATION_CONNECTION=@OLD_COLLATION_CONNECTION */;
/*!40111 SET SQL_NOTES=@OLD_SQL_NOTES */;

-- Dump completed on 2023-01-08  5:31:39
